DATAFLOW,LAST UPDATE,freq,nabs07,unit,geo,TIME_PERIOD,OBS_VALUE,OBS_FLAG
ESTAT:SDG_02_30(1.0),18/03/22 23:00:00,A,NABS08,EUR_HAB,AT,2004,4.2,d
ESTAT:SDG_02_30(1.0),18/03/22 23:00:00,A,NABS08,EUR_HAB,AT,2005,3.7,d
ESTAT:SDG_02_30(1.0),18/03/22 23:00:00,A,NABS08,EUR_HAB,AT,2006,3.9,d
ESTAT:SDG_02_30(1.0),18/03/22 23:00:00,A,NABS08,EUR_HAB,AT,2007,4.5,d
ESTAT:SDG_02_30(1.0),18/03/22 23:00:00,A,NABS08,EUR_HAB,AT,2008,4.8,d
ESTAT:SDG_02_30(1.0),18/03/22 23:00:00,A,NABS08,EUR_HAB,AT,2009,4.5,d
ESTAT:SDG_02_30(1.0),18/03/22 23:00:00,A,NABS08,EUR_HAB,AT,2010,4.7,d
ESTAT:SDG_02_30(1.0),18/03/22 23:00:00,A,NABS08,EUR_HAB,AT,2011,4.9,d
ESTAT:SDG_02_30(1.0),18/03/22 23:00:00,A,NABS08,EUR_HAB,AT,2012,4.6,d
ESTAT:SDG_02_30(1.0),18/03/22 23:00:00,A,NABS08,EUR_HAB,AT,2013,5.3,d
ESTAT:SDG_02_30(1.0),18/03/22 23:00:00,A,NABS08,EUR_HAB,AT,2014,4,d
ESTAT:SDG_02_30(1.0),18/03/22 23:00:00,A,NABS08,EUR_HAB,AT,2015,3.8,d
ESTAT:SDG_02_30(1.0),18/03/22 23:00:00,A,NABS08,EUR_HAB,AT,2016,3.7,
ESTAT:SDG_02_30(1.0),18/03/22 23:00:00,A,NABS08,EUR_HAB,AT,2017,4.5,d
ESTAT:SDG_02_30(1.0),18/03/22 23:00:00,A,NABS08,EUR_HAB,AT,2018,4.4,d
ESTAT:SDG_02_30(1.0),18/03/22 23:00:00,A,NABS08,EUR_HAB,AT,2019,4.1,d
ESTAT:SDG_02_30(1.0),18/03/22 23:00:00,A,NABS08,EUR_HAB,AT,2020,4.4,d
ESTAT:SDG_02_30(1.0),18/03/22 23:00:00,A,NABS08,EUR_HAB,BE,2004,3.1,
ESTAT:SDG_02_30(1.0),18/03/22 23:00:00,A,NABS08,EUR_HAB,BE,2005,2.3,
ESTAT:SDG_02_30(1.0),18/03/22 23:00:00,A,NABS08,EUR_HAB,BE,2006,2.4,
ESTAT:SDG_02_30(1.0),18/03/22 23:00:00,A,NABS08,EUR_HAB,BE,2007,2.8,
ESTAT:SDG_02_30(1.0),18/03/22 23:00:00,A,NABS08,EUR_HAB,BE,2008,2.8,
ESTAT:SDG_02_30(1.0),18/03/22 23:00:00,A,NABS08,EUR_HAB,BE,2009,3,
ESTAT:SDG_02_30(1.0),18/03/22 23:00:00,A,NABS08,EUR_HAB,BE,2010,3,
ESTAT:SDG_02_30(1.0),18/03/22 23:00:00,A,NABS08,EUR_HAB,BE,2011,3.4,
ESTAT:SDG_02_30(1.0),18/03/22 23:00:00,A,NABS08,EUR_HAB,BE,2012,3.6,
ESTAT:SDG_02_30(1.0),18/03/22 23:00:00,A,NABS08,EUR_HAB,BE,2013,3.1,
ESTAT:SDG_02_30(1.0),18/03/22 23:00:00,A,NABS08,EUR_HAB,BE,2014,3.5,
ESTAT:SDG_02_30(1.0),18/03/22 23:00:00,A,NABS08,EUR_HAB,BE,2015,3.3,
ESTAT:SDG_02_30(1.0),18/03/22 23:00:00,A,NABS08,EUR_HAB,BE,2016,3.3,
ESTAT:SDG_02_30(1.0),18/03/22 23:00:00,A,NABS08,EUR_HAB,BE,2017,3.2,
ESTAT:SDG_02_30(1.0),18/03/22 23:00:00,A,NABS08,EUR_HAB,BE,2018,5.6,
ESTAT:SDG_02_30(1.0),18/03/22 23:00:00,A,NABS08,EUR_HAB,BE,2019,5,
ESTAT:SDG_02_30(1.0),18/03/22 23:00:00,A,NABS08,EUR_HAB,BE,2020,5.1,
ESTAT:SDG_02_30(1.0),18/03/22 23:00:00,A,NABS08,EUR_HAB,BG,2007,1.7,
ESTAT:SDG_02_30(1.0),18/03/22 23:00:00,A,NABS08,EUR_HAB,BG,2008,3.3,
ESTAT:SDG_02_30(1.0),18/03/22 23:00:00,A,NABS08,EUR_HAB,BG,2009,3.1,
ESTAT:SDG_02_30(1.0),18/03/22 23:00:00,A,NABS08,EUR_HAB,BG,2010,1.9,
ESTAT:SDG_02_30(1.0),18/03/22 23:00:00,A,NABS08,EUR_HAB,BG,2011,2,
ESTAT:SDG_02_30(1.0),18/03/22 23:00:00,A,NABS08,EUR_HAB,BG,2012,2.3,
ESTAT:SDG_02_30(1.0),18/03/22 23:00:00,A,NABS08,EUR_HAB,BG,2013,2.8,
ESTAT:SDG_02_30(1.0),18/03/22 23:00:00,A,NABS08,EUR_HAB,BG,2014,2.4,
ESTAT:SDG_02_30(1.0),18/03/22 23:00:00,A,NABS08,EUR_HAB,BG,2015,2.4,
ESTAT:SDG_02_30(1.0),18/03/22 23:00:00,A,NABS08,EUR_HAB,BG,2016,2.2,
ESTAT:SDG_02_30(1.0),18/03/22 23:00:00,A,NABS08,EUR_HAB,BG,2017,3,
ESTAT:SDG_02_30(1.0),18/03/22 23:00:00,A,NABS08,EUR_HAB,BG,2018,3,
ESTAT:SDG_02_30(1.0),18/03/22 23:00:00,A,NABS08,EUR_HAB,BG,2019,3.5,
ESTAT:SDG_02_30(1.0),18/03/22 23:00:00,A,NABS08,EUR_HAB,BG,2020,3.7,
ESTAT:SDG_02_30(1.0),18/03/22 23:00:00,A,NABS08,EUR_HAB,CH,2004,6.5,
ESTAT:SDG_02_30(1.0),18/03/22 23:00:00,A,NABS08,EUR_HAB,CH,2006,6.6,
ESTAT:SDG_02_30(1.0),18/03/22 23:00:00,A,NABS08,EUR_HAB,CH,2008,6.3,
ESTAT:SDG_02_30(1.0),18/03/22 23:00:00,A,NABS08,EUR_HAB,CH,2010,7.6,
ESTAT:SDG_02_30(1.0),18/03/22 23:00:00,A,NABS08,EUR_HAB,CH,2012,9.4,
ESTAT:SDG_02_30(1.0),18/03/22 23:00:00,A,NABS08,EUR_HAB,CH,2014,13,
ESTAT:SDG_02_30(1.0),18/03/22 23:00:00,A,NABS08,EUR_HAB,CH,2015,15.3,
ESTAT:SDG_02_30(1.0),18/03/22 23:00:00,A,NABS08,EUR_HAB,CH,2017,13.8,b
ESTAT:SDG_02_30(1.0),18/03/22 23:00:00,A,NABS08,EUR_HAB,CH,2018,15.5,
ESTAT:SDG_02_30(1.0),18/03/22 23:00:00,A,NABS08,EUR_HAB,CH,2019,16.6,
ESTAT:SDG_02_30(1.0),18/03/22 23:00:00,A,NABS08,EUR_HAB,CH,2020,17.4,
ESTAT:SDG_02_30(1.0),18/03/22 23:00:00,A,NABS08,EUR_HAB,CY,2004,14.7,
ESTAT:SDG_02_30(1.0),18/03/22 23:00:00,A,NABS08,EUR_HAB,CY,2005,14.1,
ESTAT:SDG_02_30(1.0),18/03/22 23:00:00,A,NABS08,EUR_HAB,CY,2006,13.3,
ESTAT:SDG_02_30(1.0),18/03/22 23:00:00,A,NABS08,EUR_HAB,CY,2007,14.6,
ESTAT:SDG_02_30(1.0),18/03/22 23:00:00,A,NABS08,EUR_HAB,CY,2008,12.2,
ESTAT:SDG_02_30(1.0),18/03/22 23:00:00,A,NABS08,EUR_HAB,CY,2009,12.5,
ESTAT:SDG_02_30(1.0),18/03/22 23:00:00,A,NABS08,EUR_HAB,CY,2010,11.8,
ESTAT:SDG_02_30(1.0),18/03/22 23:00:00,A,NABS08,EUR_HAB,CY,2011,11.5,
ESTAT:SDG_02_30(1.0),18/03/22 23:00:00,A,NABS08,EUR_HAB,CY,2012,10.5,
ESTAT:SDG_02_30(1.0),18/03/22 23:00:00,A,NABS08,EUR_HAB,CY,2013,8.1,
ESTAT:SDG_02_30(1.0),18/03/22 23:00:00,A,NABS08,EUR_HAB,CY,2014,7,
ESTAT:SDG_02_30(1.0),18/03/22 23:00:00,A,NABS08,EUR_HAB,CY,2015,7,
ESTAT:SDG_02_30(1.0),18/03/22 23:00:00,A,NABS08,EUR_HAB,CY,2016,6.5,
ESTAT:SDG_02_30(1.0),18/03/22 23:00:00,A,NABS08,EUR_HAB,CY,2017,6.7,
ESTAT:SDG_02_30(1.0),18/03/22 23:00:00,A,NABS08,EUR_HAB,CY,2018,6.9,
ESTAT:SDG_02_30(1.0),18/03/22 23:00:00,A,NABS08,EUR_HAB,CY,2019,7.1,
ESTAT:SDG_02_30(1.0),18/03/22 23:00:00,A,NABS08,EUR_HAB,CY,2020,8,
ESTAT:SDG_02_30(1.0),18/03/22 23:00:00,A,NABS08,EUR_HAB,CZ,2004,2.4,
ESTAT:SDG_02_30(1.0),18/03/22 23:00:00,A,NABS08,EUR_HAB,CZ,2005,2.8,
ESTAT:SDG_02_30(1.0),18/03/22 23:00:00,A,NABS08,EUR_HAB,CZ,2006,3.3,
ESTAT:SDG_02_30(1.0),18/03/22 23:00:00,A,NABS08,EUR_HAB,CZ,2007,3.6,
ESTAT:SDG_02_30(1.0),18/03/22 23:00:00,A,NABS08,EUR_HAB,CZ,2008,4.2,
ESTAT:SDG_02_30(1.0),18/03/22 23:00:00,A,NABS08,EUR_HAB,CZ,2009,4.3,
ESTAT:SDG_02_30(1.0),18/03/22 23:00:00,A,NABS08,EUR_HAB,CZ,2010,4.3,
ESTAT:SDG_02_30(1.0),18/03/22 23:00:00,A,NABS08,EUR_HAB,CZ,2011,4.5,
ESTAT:SDG_02_30(1.0),18/03/22 23:00:00,A,NABS08,EUR_HAB,CZ,2012,3.9,
ESTAT:SDG_02_30(1.0),18/03/22 23:00:00,A,NABS08,EUR_HAB,CZ,2013,3.7,
ESTAT:SDG_02_30(1.0),18/03/22 23:00:00,A,NABS08,EUR_HAB,CZ,2014,3.9,
ESTAT:SDG_02_30(1.0),18/03/22 23:00:00,A,NABS08,EUR_HAB,CZ,2015,4,
ESTAT:SDG_02_30(1.0),18/03/22 23:00:00,A,NABS08,EUR_HAB,CZ,2016,3.9,
ESTAT:SDG_02_30(1.0),18/03/22 23:00:00,A,NABS08,EUR_HAB,CZ,2017,4.4,
ESTAT:SDG_02_30(1.0),18/03/22 23:00:00,A,NABS08,EUR_HAB,CZ,2018,4.6,
ESTAT:SDG_02_30(1.0),18/03/22 23:00:00,A,NABS08,EUR_HAB,CZ,2019,5.6,
ESTAT:SDG_02_30(1.0),18/03/22 23:00:00,A,NABS08,EUR_HAB,CZ,2020,5.5,
ESTAT:SDG_02_30(1.0),18/03/22 23:00:00,A,NABS08,EUR_HAB,DE,2004,4,d
ESTAT:SDG_02_30(1.0),18/03/22 23:00:00,A,NABS08,EUR_HAB,DE,2005,3.8,d
ESTAT:SDG_02_30(1.0),18/03/22 23:00:00,A,NABS08,EUR_HAB,DE,2006,4.8,d
ESTAT:SDG_02_30(1.0),18/03/22 23:00:00,A,NABS08,EUR_HAB,DE,2007,5.9,d
ESTAT:SDG_02_30(1.0),18/03/22 23:00:00,A,NABS08,EUR_HAB,DE,2008,6.8,d
ESTAT:SDG_02_30(1.0),18/03/22 23:00:00,A,NABS08,EUR_HAB,DE,2009,8.1,d
ESTAT:SDG_02_30(1.0),18/03/22 23:00:00,A,NABS08,EUR_HAB,DE,2010,9.4,d
ESTAT:SDG_02_30(1.0),18/03/22 23:00:00,A,NABS08,EUR_HAB,DE,2011,9.3,d
ESTAT:SDG_02_30(1.0),18/03/22 23:00:00,A,NABS08,EUR_HAB,DE,2012,8.6,d
ESTAT:SDG_02_30(1.0),18/03/22 23:00:00,A,NABS08,EUR_HAB,DE,2013,8.9,d
ESTAT:SDG_02_30(1.0),18/03/22 23:00:00,A,NABS08,EUR_HAB,DE,2014,9,d
ESTAT:SDG_02_30(1.0),18/03/22 23:00:00,A,NABS08,EUR_HAB,DE,2015,10,d
ESTAT:SDG_02_30(1.0),18/03/22 23:00:00,A,NABS08,EUR_HAB,DE,2016,10,
ESTAT:SDG_02_30(1.0),18/03/22 23:00:00,A,NABS08,EUR_HAB,DE,2017,10.7,
ESTAT:SDG_02_30(1.0),18/03/22 23:00:00,A,NABS08,EUR_HAB,DE,2018,11.1,
ESTAT:SDG_02_30(1.0),18/03/22 23:00:00,A,NABS08,EUR_HAB,DE,2019,11.1,
ESTAT:SDG_02_30(1.0),18/03/22 23:00:00,A,NABS08,EUR_HAB,DE,2020,12.4,
ESTAT:SDG_02_30(1.0),18/03/22 23:00:00,A,NABS08,EUR_HAB,DK,2004,14.7,
ESTAT:SDG_02_30(1.0),18/03/22 23:00:00,A,NABS08,EUR_HAB,DK,2005,15.3,
ESTAT:SDG_02_30(1.0),18/03/22 23:00:00,A,NABS08,EUR_HAB,DK,2006,17.3,
ESTAT:SDG_02_30(1.0),18/03/22 23:00:00,A,NABS08,EUR_HAB,DK,2007,16.8,
ESTAT:SDG_02_30(1.0),18/03/22 23:00:00,A,NABS08,EUR_HAB,DK,2008,13.7,
ESTAT:SDG_02_30(1.0),18/03/22 23:00:00,A,NABS08,EUR_HAB,DK,2009,13.5,
ESTAT:SDG_02_30(1.0),18/03/22 23:00:00,A,NABS08,EUR_HAB,DK,2010,13.1,
ESTAT:SDG_02_30(1.0),18/03/22 23:00:00,A,NABS08,EUR_HAB,DK,2011,14.5,
ESTAT:SDG_02_30(1.0),18/03/22 23:00:00,A,NABS08,EUR_HAB,DK,2012,12.3,
ESTAT:SDG_02_30(1.0),18/03/22 23:00:00,A,NABS08,EUR_HAB,DK,2013,16.4,
ESTAT:SDG_02_30(1.0),18/03/22 23:00:00,A,NABS08,EUR_HAB,DK,2014,12.3,
ESTAT:SDG_02_30(1.0),18/03/22 23:00:00,A,NABS08,EUR_HAB,DK,2015,16.5,
ESTAT:SDG_02_30(1.0),18/03/22 23:00:00,A,NABS08,EUR_HAB,DK,2016,16.9,
ESTAT:SDG_02_30(1.0),18/03/22 23:00:00,A,NABS08,EUR_HAB,DK,2017,13.4,e
ESTAT:SDG_02_30(1.0),18/03/22 23:00:00,A,NABS08,EUR_HAB,DK,2018,15.1,e
ESTAT:SDG_02_30(1.0),18/03/22 23:00:00,A,NABS08,EUR_HAB,DK,2019,17.5,e
ESTAT:SDG_02_30(1.0),18/03/22 23:00:00,A,NABS08,EUR_HAB,DK,2020,15.5,
ESTAT:SDG_02_30(1.0),18/03/22 23:00:00,A,NABS08,EUR_HAB,EA19,2004,5.8,e
ESTAT:SDG_02_30(1.0),18/03/22 23:00:00,A,NABS08,EUR_HAB,EA19,2005,6.1,e
ESTAT:SDG_02_30(1.0),18/03/22 23:00:00,A,NABS08,EUR_HAB,EA19,2006,6.5,e
ESTAT:SDG_02_30(1.0),18/03/22 23:00:00,A,NABS08,EUR_HAB,EA19,2007,7.4,e
ESTAT:SDG_02_30(1.0),18/03/22 23:00:00,A,NABS08,EUR_HAB,EA19,2008,7.9,e
ESTAT:SDG_02_30(1.0),18/03/22 23:00:00,A,NABS08,EUR_HAB,EA19,2009,7.4,e
ESTAT:SDG_02_30(1.0),18/03/22 23:00:00,A,NABS08,EUR_HAB,EA19,2010,7.6,e
ESTAT:SDG_02_30(1.0),18/03/22 23:00:00,A,NABS08,EUR_HAB,EA19,2011,7.7,e
ESTAT:SDG_02_30(1.0),18/03/22 23:00:00,A,NABS08,EUR_HAB,EA19,2012,6.5,e
ESTAT:SDG_02_30(1.0),18/03/22 23:00:00,A,NABS08,EUR_HAB,EA19,2013,6.6,e
ESTAT:SDG_02_30(1.0),18/03/22 23:00:00,A,NABS08,EUR_HAB,EA19,2014,6.7,e
ESTAT:SDG_02_30(1.0),18/03/22 23:00:00,A,NABS08,EUR_HAB,EA19,2015,6.8,e
ESTAT:SDG_02_30(1.0),18/03/22 23:00:00,A,NABS08,EUR_HAB,EA19,2016,6.9,e
ESTAT:SDG_02_30(1.0),18/03/22 23:00:00,A,NABS08,EUR_HAB,EA19,2017,7.2,e
ESTAT:SDG_02_30(1.0),18/03/22 23:00:00,A,NABS08,EUR_HAB,EA19,2018,7.4,e
ESTAT:SDG_02_30(1.0),18/03/22 23:00:00,A,NABS08,EUR_HAB,EA19,2019,7.5,e
ESTAT:SDG_02_30(1.0),18/03/22 23:00:00,A,NABS08,EUR_HAB,EA19,2020,8.1,e
ESTAT:SDG_02_30(1.0),18/03/22 23:00:00,A,NABS08,EUR_HAB,EE,2004,3.9,e
ESTAT:SDG_02_30(1.0),18/03/22 23:00:00,A,NABS08,EUR_HAB,EE,2005,4.5,e
ESTAT:SDG_02_30(1.0),18/03/22 23:00:00,A,NABS08,EUR_HAB,EE,2006,5.1,e
ESTAT:SDG_02_30(1.0),18/03/22 23:00:00,A,NABS08,EUR_HAB,EE,2007,5.5,e
ESTAT:SDG_02_30(1.0),18/03/22 23:00:00,A,NABS08,EUR_HAB,EE,2008,5.5,e
ESTAT:SDG_02_30(1.0),18/03/22 23:00:00,A,NABS08,EUR_HAB,EE,2009,5.5,e
ESTAT:SDG_02_30(1.0),18/03/22 23:00:00,A,NABS08,EUR_HAB,EE,2010,6.1,e
ESTAT:SDG_02_30(1.0),18/03/22 23:00:00,A,NABS08,EUR_HAB,EE,2011,9.2,e
ESTAT:SDG_02_30(1.0),18/03/22 23:00:00,A,NABS08,EUR_HAB,EE,2012,12.1,e
ESTAT:SDG_02_30(1.0),18/03/22 23:00:00,A,NABS08,EUR_HAB,EE,2013,11,e
ESTAT:SDG_02_30(1.0),18/03/22 23:00:00,A,NABS08,EUR_HAB,EE,2014,7,e
ESTAT:SDG_02_30(1.0),18/03/22 23:00:00,A,NABS08,EUR_HAB,EE,2015,6.5,
ESTAT:SDG_02_30(1.0),18/03/22 23:00:00,A,NABS08,EUR_HAB,EE,2016,4.9,
ESTAT:SDG_02_30(1.0),18/03/22 23:00:00,A,NABS08,EUR_HAB,EE,2017,6.7,
ESTAT:SDG_02_30(1.0),18/03/22 23:00:00,A,NABS08,EUR_HAB,EE,2018,4.1,
ESTAT:SDG_02_30(1.0),18/03/22 23:00:00,A,NABS08,EUR_HAB,EE,2019,5.2,
ESTAT:SDG_02_30(1.0),18/03/22 23:00:00,A,NABS08,EUR_HAB,EE,2020,7.5,
ESTAT:SDG_02_30(1.0),18/03/22 23:00:00,A,NABS08,EUR_HAB,EL,2004,2.6,
ESTAT:SDG_02_30(1.0),18/03/22 23:00:00,A,NABS08,EUR_HAB,EL,2005,3.1,
ESTAT:SDG_02_30(1.0),18/03/22 23:00:00,A,NABS08,EUR_HAB,EL,2006,3.7,
ESTAT:SDG_02_30(1.0),18/03/22 23:00:00,A,NABS08,EUR_HAB,EL,2007,3.9,
ESTAT:SDG_02_30(1.0),18/03/22 23:00:00,A,NABS08,EUR_HAB,EL,2008,3.4,b
ESTAT:SDG_02_30(1.0),18/03/22 23:00:00,A,NABS08,EUR_HAB,EL,2009,2.8,
ESTAT:SDG_02_30(1.0),18/03/22 23:00:00,A,NABS08,EUR_HAB,EL,2010,2.6,
ESTAT:SDG_02_30(1.0),18/03/22 23:00:00,A,NABS08,EUR_HAB,EL,2011,2.8,
ESTAT:SDG_02_30(1.0),18/03/22 23:00:00,A,NABS08,EUR_HAB,EL,2012,2.5,
ESTAT:SDG_02_30(1.0),18/03/22 23:00:00,A,NABS08,EUR_HAB,EL,2013,2.6,
ESTAT:SDG_02_30(1.0),18/03/22 23:00:00,A,NABS08,EUR_HAB,EL,2014,2.7,
ESTAT:SDG_02_30(1.0),18/03/22 23:00:00,A,NABS08,EUR_HAB,EL,2015,2.8,
ESTAT:SDG_02_30(1.0),18/03/22 23:00:00,A,NABS08,EUR_HAB,EL,2016,3.1,
ESTAT:SDG_02_30(1.0),18/03/22 23:00:00,A,NABS08,EUR_HAB,EL,2017,1.7,
ESTAT:SDG_02_30(1.0),18/03/22 23:00:00,A,NABS08,EUR_HAB,EL,2018,3,
ESTAT:SDG_02_30(1.0),18/03/22 23:00:00,A,NABS08,EUR_HAB,EL,2019,5.3,
ESTAT:SDG_02_30(1.0),18/03/22 23:00:00,A,NABS08,EUR_HAB,EL,2020,4.1,
ESTAT:SDG_02_30(1.0),18/03/22 23:00:00,A,NABS08,EUR_HAB,ES,2004,8.3,
ESTAT:SDG_02_30(1.0),18/03/22 23:00:00,A,NABS08,EUR_HAB,ES,2005,10.5,
ESTAT:SDG_02_30(1.0),18/03/22 23:00:00,A,NABS08,EUR_HAB,ES,2006,13.3,
ESTAT:SDG_02_30(1.0),18/03/22 23:00:00,A,NABS08,EUR_HAB,ES,2007,15.9,
ESTAT:SDG_02_30(1.0),18/03/22 23:00:00,A,NABS08,EUR_HAB,ES,2008,15.7,
ESTAT:SDG_02_30(1.0),18/03/22 23:00:00,A,NABS08,EUR_HAB,ES,2009,14.4,
ESTAT:SDG_02_30(1.0),18/03/22 23:00:00,A,NABS08,EUR_HAB,ES,2010,12.6,
ESTAT:SDG_02_30(1.0),18/03/22 23:00:00,A,NABS08,EUR_HAB,ES,2011,11.8,
ESTAT:SDG_02_30(1.0),18/03/22 23:00:00,A,NABS08,EUR_HAB,ES,2012,8.3,
ESTAT:SDG_02_30(1.0),18/03/22 23:00:00,A,NABS08,EUR_HAB,ES,2013,8,
ESTAT:SDG_02_30(1.0),18/03/22 23:00:00,A,NABS08,EUR_HAB,ES,2014,7.9,
ESTAT:SDG_02_30(1.0),18/03/22 23:00:00,A,NABS08,EUR_HAB,ES,2015,8.7,
ESTAT:SDG_02_30(1.0),18/03/22 23:00:00,A,NABS08,EUR_HAB,ES,2016,8.6,
ESTAT:SDG_02_30(1.0),18/03/22 23:00:00,A,NABS08,EUR_HAB,ES,2017,8.6,
ESTAT:SDG_02_30(1.0),18/03/22 23:00:00,A,NABS08,EUR_HAB,ES,2018,9.3,
ESTAT:SDG_02_30(1.0),18/03/22 23:00:00,A,NABS08,EUR_HAB,ES,2019,9.6,
ESTAT:SDG_02_30(1.0),18/03/22 23:00:00,A,NABS08,EUR_HAB,ES,2020,10,
ESTAT:SDG_02_30(1.0),18/03/22 23:00:00,A,NABS08,EUR_HAB,EU27_2020,2004,4.9,e
ESTAT:SDG_02_30(1.0),18/03/22 23:00:00,A,NABS08,EUR_HAB,EU27_2020,2005,5.2,e
ESTAT:SDG_02_30(1.0),18/03/22 23:00:00,A,NABS08,EUR_HAB,EU27_2020,2006,5.5,e
ESTAT:SDG_02_30(1.0),18/03/22 23:00:00,A,NABS08,EUR_HAB,EU27_2020,2007,6.3,e
ESTAT:SDG_02_30(1.0),18/03/22 23:00:00,A,NABS08,EUR_HAB,EU27_2020,2008,6.7,e
ESTAT:SDG_02_30(1.0),18/03/22 23:00:00,A,NABS08,EUR_HAB,EU27_2020,2009,6.3,e
ESTAT:SDG_02_30(1.0),18/03/22 23:00:00,A,NABS08,EUR_HAB,EU27_2020,2010,6.5,e
ESTAT:SDG_02_30(1.0),18/03/22 23:00:00,A,NABS08,EUR_HAB,EU27_2020,2011,6.5,e
ESTAT:SDG_02_30(1.0),18/03/22 23:00:00,A,NABS08,EUR_HAB,EU27_2020,2012,5.6,e
ESTAT:SDG_02_30(1.0),18/03/22 23:00:00,A,NABS08,EUR_HAB,EU27_2020,2013,5.8,e
ESTAT:SDG_02_30(1.0),18/03/22 23:00:00,A,NABS08,EUR_HAB,EU27_2020,2014,5.7,e
ESTAT:SDG_02_30(1.0),18/03/22 23:00:00,A,NABS08,EUR_HAB,EU27_2020,2015,5.9,e
ESTAT:SDG_02_30(1.0),18/03/22 23:00:00,A,NABS08,EUR_HAB,EU27_2020,2016,6,e
ESTAT:SDG_02_30(1.0),18/03/22 23:00:00,A,NABS08,EUR_HAB,EU27_2020,2017,6.2,e
ESTAT:SDG_02_30(1.0),18/03/22 23:00:00,A,NABS08,EUR_HAB,EU27_2020,2018,6.4,e
ESTAT:SDG_02_30(1.0),18/03/22 23:00:00,A,NABS08,EUR_HAB,EU27_2020,2019,6.6,e
ESTAT:SDG_02_30(1.0),18/03/22 23:00:00,A,NABS08,EUR_HAB,EU27_2020,2020,7.2,e
ESTAT:SDG_02_30(1.0),18/03/22 23:00:00,A,NABS08,EUR_HAB,FI,2004,17.6,
ESTAT:SDG_02_30(1.0),18/03/22 23:00:00,A,NABS08,EUR_HAB,FI,2005,18.2,
ESTAT:SDG_02_30(1.0),18/03/22 23:00:00,A,NABS08,EUR_HAB,FI,2006,18.6,
ESTAT:SDG_02_30(1.0),18/03/22 23:00:00,A,NABS08,EUR_HAB,FI,2007,19.2,
ESTAT:SDG_02_30(1.0),18/03/22 23:00:00,A,NABS08,EUR_HAB,FI,2008,18.6,
ESTAT:SDG_02_30(1.0),18/03/22 23:00:00,A,NABS08,EUR_HAB,FI,2009,18.9,
ESTAT:SDG_02_30(1.0),18/03/22 23:00:00,A,NABS08,EUR_HAB,FI,2010,18.6,
ESTAT:SDG_02_30(1.0),18/03/22 23:00:00,A,NABS08,EUR_HAB,FI,2011,18,
ESTAT:SDG_02_30(1.0),18/03/22 23:00:00,A,NABS08,EUR_HAB,FI,2012,18.4,
ESTAT:SDG_02_30(1.0),18/03/22 23:00:00,A,NABS08,EUR_HAB,FI,2013,17.8,
ESTAT:SDG_02_30(1.0),18/03/22 23:00:00,A,NABS08,EUR_HAB,FI,2014,17.2,
ESTAT:SDG_02_30(1.0),18/03/22 23:00:00,A,NABS08,EUR_HAB,FI,2015,17.7,
ESTAT:SDG_02_30(1.0),18/03/22 23:00:00,A,NABS08,EUR_HAB,FI,2016,13.9,
ESTAT:SDG_02_30(1.0),18/03/22 23:00:00,A,NABS08,EUR_HAB,FI,2017,13.2,
ESTAT:SDG_02_30(1.0),18/03/22 23:00:00,A,NABS08,EUR_HAB,FI,2018,10.3,
ESTAT:SDG_02_30(1.0),18/03/22 23:00:00,A,NABS08,EUR_HAB,FI,2019,10.3,
ESTAT:SDG_02_30(1.0),18/03/22 23:00:00,A,NABS08,EUR_HAB,FI,2020,10.9,
ESTAT:SDG_02_30(1.0),18/03/22 23:00:00,A,NABS08,EUR_HAB,FR,2004,5.5,d
ESTAT:SDG_02_30(1.0),18/03/22 23:00:00,A,NABS08,EUR_HAB,FR,2005,5.8,d
ESTAT:SDG_02_30(1.0),18/03/22 23:00:00,A,NABS08,EUR_HAB,FR,2006,3.5,d
ESTAT:SDG_02_30(1.0),18/03/22 23:00:00,A,NABS08,EUR_HAB,FR,2007,3.7,d
ESTAT:SDG_02_30(1.0),18/03/22 23:00:00,A,NABS08,EUR_HAB,FR,2008,4.2,d
ESTAT:SDG_02_30(1.0),18/03/22 23:00:00,A,NABS08,EUR_HAB,FR,2009,4.5,d
ESTAT:SDG_02_30(1.0),18/03/22 23:00:00,A,NABS08,EUR_HAB,FR,2010,4.8,d
ESTAT:SDG_02_30(1.0),18/03/22 23:00:00,A,NABS08,EUR_HAB,FR,2011,5.7,d
ESTAT:SDG_02_30(1.0),18/03/22 23:00:00,A,NABS08,EUR_HAB,FR,2012,4.4,d
ESTAT:SDG_02_30(1.0),18/03/22 23:00:00,A,NABS08,EUR_HAB,FR,2013,4.7,d
ESTAT:SDG_02_30(1.0),18/03/22 23:00:00,A,NABS08,EUR_HAB,FR,2014,5.3,d
ESTAT:SDG_02_30(1.0),18/03/22 23:00:00,A,NABS08,EUR_HAB,FR,2015,5.9,d
ESTAT:SDG_02_30(1.0),18/03/22 23:00:00,A,NABS08,EUR_HAB,FR,2016,6,e
ESTAT:SDG_02_30(1.0),18/03/22 23:00:00,A,NABS08,EUR_HAB,FR,2017,6.9,e
ESTAT:SDG_02_30(1.0),18/03/22 23:00:00,A,NABS08,EUR_HAB,FR,2018,5.9,e
ESTAT:SDG_02_30(1.0),18/03/22 23:00:00,A,NABS08,EUR_HAB,FR,2019,5.4,e
ESTAT:SDG_02_30(1.0),18/03/22 23:00:00,A,NABS08,EUR_HAB,FR,2020,5.5,e
ESTAT:SDG_02_30(1.0),18/03/22 23:00:00,A,NABS08,EUR_HAB,HR,2008,0.7,
ESTAT:SDG_02_30(1.0),18/03/22 23:00:00,A,NABS08,EUR_HAB,HR,2009,0.5,
ESTAT:SDG_02_30(1.0),18/03/22 23:00:00,A,NABS08,EUR_HAB,HR,2010,0.6,
ESTAT:SDG_02_30(1.0),18/03/22 23:00:00,A,NABS08,EUR_HAB,HR,2011,0.8,
ESTAT:SDG_02_30(1.0),18/03/22 23:00:00,A,NABS08,EUR_HAB,HR,2012,0.5,
ESTAT:SDG_02_30(1.0),18/03/22 23:00:00,A,NABS08,EUR_HAB,HR,2013,0.2,
ESTAT:SDG_02_30(1.0),18/03/22 23:00:00,A,NABS08,EUR_HAB,HR,2014,1.5,
ESTAT:SDG_02_30(1.0),18/03/22 23:00:00,A,NABS08,EUR_HAB,HR,2015,1.1,
ESTAT:SDG_02_30(1.0),18/03/22 23:00:00,A,NABS08,EUR_HAB,HR,2016,2,
ESTAT:SDG_02_30(1.0),18/03/22 23:00:00,A,NABS08,EUR_HAB,HR,2017,2.6,
ESTAT:SDG_02_30(1.0),18/03/22 23:00:00,A,NABS08,EUR_HAB,HR,2018,1.9,
ESTAT:SDG_02_30(1.0),18/03/22 23:00:00,A,NABS08,EUR_HAB,HR,2019,2.8,
ESTAT:SDG_02_30(1.0),18/03/22 23:00:00,A,NABS08,EUR_HAB,HR,2020,2.7,
ESTAT:SDG_02_30(1.0),18/03/22 23:00:00,A,NABS08,EUR_HAB,HU,2005,5.4,
ESTAT:SDG_02_30(1.0),18/03/22 23:00:00,A,NABS08,EUR_HAB,HU,2006,4.7,
ESTAT:SDG_02_30(1.0),18/03/22 23:00:00,A,NABS08,EUR_HAB,HU,2007,3.6,e
ESTAT:SDG_02_30(1.0),18/03/22 23:00:00,A,NABS08,EUR_HAB,HU,2008,4.2,
ESTAT:SDG_02_30(1.0),18/03/22 23:00:00,A,NABS08,EUR_HAB,HU,2009,3.7,
ESTAT:SDG_02_30(1.0),18/03/22 23:00:00,A,NABS08,EUR_HAB,HU,2010,1.9,
ESTAT:SDG_02_30(1.0),18/03/22 23:00:00,A,NABS08,EUR_HAB,HU,2011,0.9,
ESTAT:SDG_02_30(1.0),18/03/22 23:00:00,A,NABS08,EUR_HAB,HU,2012,1.9,
ESTAT:SDG_02_30(1.0),18/03/22 23:00:00,A,NABS08,EUR_HAB,HU,2013,5.5,d
ESTAT:SDG_02_30(1.0),18/03/22 23:00:00,A,NABS08,EUR_HAB,HU,2014,1.6,
ESTAT:SDG_02_30(1.0),18/03/22 23:00:00,A,NABS08,EUR_HAB,HU,2015,1.7,
ESTAT:SDG_02_30(1.0),18/03/22 23:00:00,A,NABS08,EUR_HAB,HU,2016,3.3,
ESTAT:SDG_02_30(1.0),18/03/22 23:00:00,A,NABS08,EUR_HAB,HU,2017,3.6,
ESTAT:SDG_02_30(1.0),18/03/22 23:00:00,A,NABS08,EUR_HAB,HU,2018,3.7,
ESTAT:SDG_02_30(1.0),18/03/22 23:00:00,A,NABS08,EUR_HAB,HU,2019,4,
ESTAT:SDG_02_30(1.0),18/03/22 23:00:00,A,NABS08,EUR_HAB,HU,2020,5.3,
ESTAT:SDG_02_30(1.0),18/03/22 23:00:00,A,NABS08,EUR_HAB,IE,2004,17.8,
ESTAT:SDG_02_30(1.0),18/03/22 23:00:00,A,NABS08,EUR_HAB,IE,2005,22,
ESTAT:SDG_02_30(1.0),18/03/22 23:00:00,A,NABS08,EUR_HAB,IE,2006,19.2,
ESTAT:SDG_02_30(1.0),18/03/22 23:00:00,A,NABS08,EUR_HAB,IE,2007,23.3,
ESTAT:SDG_02_30(1.0),18/03/22 23:00:00,A,NABS08,EUR_HAB,IE,2008,23.3,
ESTAT:SDG_02_30(1.0),18/03/22 23:00:00,A,NABS08,EUR_HAB,IE,2009,20.4,
ESTAT:SDG_02_30(1.0),18/03/22 23:00:00,A,NABS08,EUR_HAB,IE,2010,18.7,
ESTAT:SDG_02_30(1.0),18/03/22 23:00:00,A,NABS08,EUR_HAB,IE,2011,20.4,
ESTAT:SDG_02_30(1.0),18/03/22 23:00:00,A,NABS08,EUR_HAB,IE,2012,19.9,
ESTAT:SDG_02_30(1.0),18/03/22 23:00:00,A,NABS08,EUR_HAB,IE,2013,19.5,
ESTAT:SDG_02_30(1.0),18/03/22 23:00:00,A,NABS08,EUR_HAB,IE,2014,19.4,
ESTAT:SDG_02_30(1.0),18/03/22 23:00:00,A,NABS08,EUR_HAB,IE,2015,19.5,
ESTAT:SDG_02_30(1.0),18/03/22 23:00:00,A,NABS08,EUR_HAB,IE,2016,20.2,
ESTAT:SDG_02_30(1.0),18/03/22 23:00:00,A,NABS08,EUR_HAB,IE,2017,20.6,
ESTAT:SDG_02_30(1.0),18/03/22 23:00:00,A,NABS08,EUR_HAB,IE,2018,22.7,
ESTAT:SDG_02_30(1.0),18/03/22 23:00:00,A,NABS08,EUR_HAB,IE,2019,19.7,
ESTAT:SDG_02_30(1.0),18/03/22 23:00:00,A,NABS08,EUR_HAB,IE,2020,18.7,
ESTAT:SDG_02_30(1.0),18/03/22 23:00:00,A,NABS08,EUR_HAB,IS,2004,61.4,
ESTAT:SDG_02_30(1.0),18/03/22 23:00:00,A,NABS08,EUR_HAB,IS,2005,75.3,
ESTAT:SDG_02_30(1.0),18/03/22 23:00:00,A,NABS08,EUR_HAB,IS,2006,73.3,
ESTAT:SDG_02_30(1.0),18/03/22 23:00:00,A,NABS08,EUR_HAB,IS,2007,76,
ESTAT:SDG_02_30(1.0),18/03/22 23:00:00,A,NABS08,EUR_HAB,IS,2008,62.1,
ESTAT:SDG_02_30(1.0),18/03/22 23:00:00,A,NABS08,EUR_HAB,IS,2009,48.1,
ESTAT:SDG_02_30(1.0),18/03/22 23:00:00,A,NABS08,EUR_HAB,IS,2010,50.8,
ESTAT:SDG_02_30(1.0),18/03/22 23:00:00,A,NABS08,EUR_HAB,IS,2011,65,
ESTAT:SDG_02_30(1.0),18/03/22 23:00:00,A,NABS08,EUR_HAB,IS,2012,70,
ESTAT:SDG_02_30(1.0),18/03/22 23:00:00,A,NABS08,EUR_HAB,IS,2013,56.8,
ESTAT:SDG_02_30(1.0),18/03/22 23:00:00,A,NABS08,EUR_HAB,IS,2014,10.4,u
ESTAT:SDG_02_30(1.0),18/03/22 23:00:00,A,NABS08,EUR_HAB,IS,2015,13.3,u
ESTAT:SDG_02_30(1.0),18/03/22 23:00:00,A,NABS08,EUR_HAB,IS,2016,16.8,u
ESTAT:SDG_02_30(1.0),18/03/22 23:00:00,A,NABS08,EUR_HAB,IS,2017,51.8,u
ESTAT:SDG_02_30(1.0),18/03/22 23:00:00,A,NABS08,EUR_HAB,IS,2018,27.1,u
ESTAT:SDG_02_30(1.0),18/03/22 23:00:00,A,NABS08,EUR_HAB,IS,2019,17.5,u
ESTAT:SDG_02_30(1.0),18/03/22 23:00:00,A,NABS08,EUR_HAB,IT,2005,5.6,
ESTAT:SDG_02_30(1.0),18/03/22 23:00:00,A,NABS08,EUR_HAB,IT,2006,6.3,
ESTAT:SDG_02_30(1.0),18/03/22 23:00:00,A,NABS08,EUR_HAB,IT,2007,7.4,
ESTAT:SDG_02_30(1.0),18/03/22 23:00:00,A,NABS08,EUR_HAB,IT,2008,7.5,
ESTAT:SDG_02_30(1.0),18/03/22 23:00:00,A,NABS08,EUR_HAB,IT,2009,5.7,
ESTAT:SDG_02_30(1.0),18/03/22 23:00:00,A,NABS08,EUR_HAB,IT,2010,5.6,
ESTAT:SDG_02_30(1.0),18/03/22 23:00:00,A,NABS08,EUR_HAB,IT,2011,5.2,
ESTAT:SDG_02_30(1.0),18/03/22 23:00:00,A,NABS08,EUR_HAB,IT,2012,4.5,
ESTAT:SDG_02_30(1.0),18/03/22 23:00:00,A,NABS08,EUR_HAB,IT,2013,4.8,
ESTAT:SDG_02_30(1.0),18/03/22 23:00:00,A,NABS08,EUR_HAB,IT,2014,4.4,
ESTAT:SDG_02_30(1.0),18/03/22 23:00:00,A,NABS08,EUR_HAB,IT,2015,4,
ESTAT:SDG_02_30(1.0),18/03/22 23:00:00,A,NABS08,EUR_HAB,IT,2016,4.5,
ESTAT:SDG_02_30(1.0),18/03/22 23:00:00,A,NABS08,EUR_HAB,IT,2017,4.3,
ESTAT:SDG_02_30(1.0),18/03/22 23:00:00,A,NABS08,EUR_HAB,IT,2018,4.9,
ESTAT:SDG_02_30(1.0),18/03/22 23:00:00,A,NABS08,EUR_HAB,IT,2019,5.1,
ESTAT:SDG_02_30(1.0),18/03/22 23:00:00,A,NABS08,EUR_HAB,IT,2020,5,
ESTAT:SDG_02_30(1.0),18/03/22 23:00:00,A,NABS08,EUR_HAB,LT,2004,3.7,
ESTAT:SDG_02_30(1.0),18/03/22 23:00:00,A,NABS08,EUR_HAB,LT,2005,3.9,
ESTAT:SDG_02_30(1.0),18/03/22 23:00:00,A,NABS08,EUR_HAB,LT,2006,2,
ESTAT:SDG_02_30(1.0),18/03/22 23:00:00,A,NABS08,EUR_HAB,LT,2007,2.1,b
ESTAT:SDG_02_30(1.0),18/03/22 23:00:00,A,NABS08,EUR_HAB,LT,2008,2.7,
ESTAT:SDG_02_30(1.0),18/03/22 23:00:00,A,NABS08,EUR_HAB,LT,2009,2.2,
ESTAT:SDG_02_30(1.0),18/03/22 23:00:00,A,NABS08,EUR_HAB,LT,2010,1.7,
ESTAT:SDG_02_30(1.0),18/03/22 23:00:00,A,NABS08,EUR_HAB,LT,2011,2,
ESTAT:SDG_02_30(1.0),18/03/22 23:00:00,A,NABS08,EUR_HAB,LT,2012,2,
ESTAT:SDG_02_30(1.0),18/03/22 23:00:00,A,NABS08,EUR_HAB,LT,2013,2.2,
ESTAT:SDG_02_30(1.0),18/03/22 23:00:00,A,NABS08,EUR_HAB,LT,2014,2.4,
ESTAT:SDG_02_30(1.0),18/03/22 23:00:00,A,NABS08,EUR_HAB,LT,2015,2.6,
ESTAT:SDG_02_30(1.0),18/03/22 23:00:00,A,NABS08,EUR_HAB,LT,2016,2.7,
ESTAT:SDG_02_30(1.0),18/03/22 23:00:00,A,NABS08,EUR_HAB,LT,2017,2.9,
ESTAT:SDG_02_30(1.0),18/03/22 23:00:00,A,NABS08,EUR_HAB,LT,2018,3.1,
ESTAT:SDG_02_30(1.0),18/03/22 23:00:00,A,NABS08,EUR_HAB,LT,2019,3.2,
ESTAT:SDG_02_30(1.0),18/03/22 23:00:00,A,NABS08,EUR_HAB,LT,2020,3.6,
ESTAT:SDG_02_30(1.0),18/03/22 23:00:00,A,NABS08,EUR_HAB,LU,2004,0.1,
ESTAT:SDG_02_30(1.0),18/03/22 23:00:00,A,NABS08,EUR_HAB,LU,2005,0,
ESTAT:SDG_02_30(1.0),18/03/22 23:00:00,A,NABS08,EUR_HAB,LU,2006,0.1,
ESTAT:SDG_02_30(1.0),18/03/22 23:00:00,A,NABS08,EUR_HAB,LU,2007,0.1,
ESTAT:SDG_02_30(1.0),18/03/22 23:00:00,A,NABS08,EUR_HAB,LU,2008,0.1,
ESTAT:SDG_02_30(1.0),18/03/22 23:00:00,A,NABS08,EUR_HAB,LU,2009,0.1,
ESTAT:SDG_02_30(1.0),18/03/22 23:00:00,A,NABS08,EUR_HAB,LU,2010,1.2,
ESTAT:SDG_02_30(1.0),18/03/22 23:00:00,A,NABS08,EUR_HAB,LU,2011,1.3,
ESTAT:SDG_02_30(1.0),18/03/22 23:00:00,A,NABS08,EUR_HAB,LU,2012,0.9,
ESTAT:SDG_02_30(1.0),18/03/22 23:00:00,A,NABS08,EUR_HAB,LU,2013,0.6,
ESTAT:SDG_02_30(1.0),18/03/22 23:00:00,A,NABS08,EUR_HAB,LU,2014,0.5,
ESTAT:SDG_02_30(1.0),18/03/22 23:00:00,A,NABS08,EUR_HAB,LU,2015,0.3,
ESTAT:SDG_02_30(1.0),18/03/22 23:00:00,A,NABS08,EUR_HAB,LU,2016,0.2,
ESTAT:SDG_02_30(1.0),18/03/22 23:00:00,A,NABS08,EUR_HAB,LU,2017,0.4,
ESTAT:SDG_02_30(1.0),18/03/22 23:00:00,A,NABS08,EUR_HAB,LU,2018,0.2,
ESTAT:SDG_02_30(1.0),18/03/22 23:00:00,A,NABS08,EUR_HAB,LU,2019,0.3,
ESTAT:SDG_02_30(1.0),18/03/22 23:00:00,A,NABS08,EUR_HAB,LU,2020,0.4,
ESTAT:SDG_02_30(1.0),18/03/22 23:00:00,A,NABS08,EUR_HAB,LV,2005,0.8,
ESTAT:SDG_02_30(1.0),18/03/22 23:00:00,A,NABS08,EUR_HAB,LV,2006,3.9,
ESTAT:SDG_02_30(1.0),18/03/22 23:00:00,A,NABS08,EUR_HAB,LV,2007,4.3,
ESTAT:SDG_02_30(1.0),18/03/22 23:00:00,A,NABS08,EUR_HAB,LV,2008,5.6,
ESTAT:SDG_02_30(1.0),18/03/22 23:00:00,A,NABS08,EUR_HAB,LV,2009,2.8,
ESTAT:SDG_02_30(1.0),18/03/22 23:00:00,A,NABS08,EUR_HAB,LV,2010,2.1,
ESTAT:SDG_02_30(1.0),18/03/22 23:00:00,A,NABS08,EUR_HAB,LV,2011,1.3,
ESTAT:SDG_02_30(1.0),18/03/22 23:00:00,A,NABS08,EUR_HAB,LV,2012,2.4,
ESTAT:SDG_02_30(1.0),18/03/22 23:00:00,A,NABS08,EUR_HAB,LV,2013,2.6,
ESTAT:SDG_02_30(1.0),18/03/22 23:00:00,A,NABS08,EUR_HAB,LV,2014,3.4,
ESTAT:SDG_02_30(1.0),18/03/22 23:00:00,A,NABS08,EUR_HAB,LV,2015,4.4,
ESTAT:SDG_02_30(1.0),18/03/22 23:00:00,A,NABS08,EUR_HAB,LV,2016,5.6,
ESTAT:SDG_02_30(1.0),18/03/22 23:00:00,A,NABS08,EUR_HAB,LV,2017,3.1,
ESTAT:SDG_02_30(1.0),18/03/22 23:00:00,A,NABS08,EUR_HAB,LV,2018,3.7,
ESTAT:SDG_02_30(1.0),18/03/22 23:00:00,A,NABS08,EUR_HAB,LV,2019,6.1,
ESTAT:SDG_02_30(1.0),18/03/22 23:00:00,A,NABS08,EUR_HAB,LV,2020,5.7,
ESTAT:SDG_02_30(1.0),18/03/22 23:00:00,A,NABS08,EUR_HAB,MT,2004,0.4,
ESTAT:SDG_02_30(1.0),18/03/22 23:00:00,A,NABS08,EUR_HAB,MT,2005,1.2,
ESTAT:SDG_02_30(1.0),18/03/22 23:00:00,A,NABS08,EUR_HAB,MT,2006,0.7,
ESTAT:SDG_02_30(1.0),18/03/22 23:00:00,A,NABS08,EUR_HAB,MT,2007,0.2,
ESTAT:SDG_02_30(1.0),18/03/22 23:00:00,A,NABS08,EUR_HAB,MT,2008,1.1,
ESTAT:SDG_02_30(1.0),18/03/22 23:00:00,A,NABS08,EUR_HAB,MT,2009,1.2,
ESTAT:SDG_02_30(1.0),18/03/22 23:00:00,A,NABS08,EUR_HAB,MT,2010,0.9,
ESTAT:SDG_02_30(1.0),18/03/22 23:00:00,A,NABS08,EUR_HAB,MT,2011,1,
ESTAT:SDG_02_30(1.0),18/03/22 23:00:00,A,NABS08,EUR_HAB,MT,2012,1,
ESTAT:SDG_02_30(1.0),18/03/22 23:00:00,A,NABS08,EUR_HAB,MT,2013,1.3,
ESTAT:SDG_02_30(1.0),18/03/22 23:00:00,A,NABS08,EUR_HAB,MT,2014,1.1,
ESTAT:SDG_02_30(1.0),18/03/22 23:00:00,A,NABS08,EUR_HAB,MT,2015,1.6,
ESTAT:SDG_02_30(1.0),18/03/22 23:00:00,A,NABS08,EUR_HAB,MT,2016,0.6,
ESTAT:SDG_02_30(1.0),18/03/22 23:00:00,A,NABS08,EUR_HAB,MT,2017,0.6,
ESTAT:SDG_02_30(1.0),18/03/22 23:00:00,A,NABS08,EUR_HAB,MT,2018,2.3,
ESTAT:SDG_02_30(1.0),18/03/22 23:00:00,A,NABS08,EUR_HAB,MT,2019,3,
ESTAT:SDG_02_30(1.0),18/03/22 23:00:00,A,NABS08,EUR_HAB,MT,2020,2.3,
ESTAT:SDG_02_30(1.0),18/03/22 23:00:00,A,NABS08,EUR_HAB,NL,2004,12.8,
ESTAT:SDG_02_30(1.0),18/03/22 23:00:00,A,NABS08,EUR_HAB,NL,2005,13.2,
ESTAT:SDG_02_30(1.0),18/03/22 23:00:00,A,NABS08,EUR_HAB,NL,2006,12.8,
ESTAT:SDG_02_30(1.0),18/03/22 23:00:00,A,NABS08,EUR_HAB,NL,2007,12.3,
ESTAT:SDG_02_30(1.0),18/03/22 23:00:00,A,NABS08,EUR_HAB,NL,2008,14.5,
ESTAT:SDG_02_30(1.0),18/03/22 23:00:00,A,NABS08,EUR_HAB,NL,2009,10,
ESTAT:SDG_02_30(1.0),18/03/22 23:00:00,A,NABS08,EUR_HAB,NL,2010,10.6,
ESTAT:SDG_02_30(1.0),18/03/22 23:00:00,A,NABS08,EUR_HAB,NL,2011,9.8,
ESTAT:SDG_02_30(1.0),18/03/22 23:00:00,A,NABS08,EUR_HAB,NL,2012,8.9,
ESTAT:SDG_02_30(1.0),18/03/22 23:00:00,A,NABS08,EUR_HAB,NL,2013,8.9,
ESTAT:SDG_02_30(1.0),18/03/22 23:00:00,A,NABS08,EUR_HAB,NL,2014,9.9,
ESTAT:SDG_02_30(1.0),18/03/22 23:00:00,A,NABS08,EUR_HAB,NL,2015,5.9,
ESTAT:SDG_02_30(1.0),18/03/22 23:00:00,A,NABS08,EUR_HAB,NL,2016,6.2,
ESTAT:SDG_02_30(1.0),18/03/22 23:00:00,A,NABS08,EUR_HAB,NL,2017,6.1,
ESTAT:SDG_02_30(1.0),18/03/22 23:00:00,A,NABS08,EUR_HAB,NL,2018,7.2,
ESTAT:SDG_02_30(1.0),18/03/22 23:00:00,A,NABS08,EUR_HAB,NL,2019,8.2,
ESTAT:SDG_02_30(1.0),18/03/22 23:00:00,A,NABS08,EUR_HAB,NL,2020,12.6,
ESTAT:SDG_02_30(1.0),18/03/22 23:00:00,A,NABS08,EUR_HAB,NO,2004,29.7,
ESTAT:SDG_02_30(1.0),18/03/22 23:00:00,A,NABS08,EUR_HAB,NO,2005,31.8,
ESTAT:SDG_02_30(1.0),18/03/22 23:00:00,A,NABS08,EUR_HAB,NO,2006,34.3,
ESTAT:SDG_02_30(1.0),18/03/22 23:00:00,A,NABS08,EUR_HAB,NO,2007,36,
ESTAT:SDG_02_30(1.0),18/03/22 23:00:00,A,NABS08,EUR_HAB,NO,2008,34.8,
ESTAT:SDG_02_30(1.0),18/03/22 23:00:00,A,NABS08,EUR_HAB,NO,2009,36.2,
ESTAT:SDG_02_30(1.0),18/03/22 23:00:00,A,NABS08,EUR_HAB,NO,2010,39,
ESTAT:SDG_02_30(1.0),18/03/22 23:00:00,A,NABS08,EUR_HAB,NO,2011,41.3,
ESTAT:SDG_02_30(1.0),18/03/22 23:00:00,A,NABS08,EUR_HAB,NO,2012,43.5,
ESTAT:SDG_02_30(1.0),18/03/22 23:00:00,A,NABS08,EUR_HAB,NO,2013,47.6,
ESTAT:SDG_02_30(1.0),18/03/22 23:00:00,A,NABS08,EUR_HAB,NO,2014,50.4,
ESTAT:SDG_02_30(1.0),18/03/22 23:00:00,A,NABS08,EUR_HAB,NO,2015,53.3,
ESTAT:SDG_02_30(1.0),18/03/22 23:00:00,A,NABS08,EUR_HAB,NO,2016,50.1,
ESTAT:SDG_02_30(1.0),18/03/22 23:00:00,A,NABS08,EUR_HAB,NO,2017,64.9,
ESTAT:SDG_02_30(1.0),18/03/22 23:00:00,A,NABS08,EUR_HAB,NO,2018,49.4,
ESTAT:SDG_02_30(1.0),18/03/22 23:00:00,A,NABS08,EUR_HAB,NO,2019,48.2,
ESTAT:SDG_02_30(1.0),18/03/22 23:00:00,A,NABS08,EUR_HAB,NO,2020,48.9,
ESTAT:SDG_02_30(1.0),18/03/22 23:00:00,A,NABS08,EUR_HAB,PL,2004,0.1,
ESTAT:SDG_02_30(1.0),18/03/22 23:00:00,A,NABS08,EUR_HAB,PL,2005,0.2,
ESTAT:SDG_02_30(1.0),18/03/22 23:00:00,A,NABS08,EUR_HAB,PL,2006,0.2,
ESTAT:SDG_02_30(1.0),18/03/22 23:00:00,A,NABS08,EUR_HAB,PL,2007,0.5,
ESTAT:SDG_02_30(1.0),18/03/22 23:00:00,A,NABS08,EUR_HAB,PL,2008,0.6,
ESTAT:SDG_02_30(1.0),18/03/22 23:00:00,A,NABS08,EUR_HAB,PL,2012,1.7,b
ESTAT:SDG_02_30(1.0),18/03/22 23:00:00,A,NABS08,EUR_HAB,PL,2013,1.8,
ESTAT:SDG_02_30(1.0),18/03/22 23:00:00,A,NABS08,EUR_HAB,PL,2014,1.4,
ESTAT:SDG_02_30(1.0),18/03/22 23:00:00,A,NABS08,EUR_HAB,PL,2015,1.6,
ESTAT:SDG_02_30(1.0),18/03/22 23:00:00,A,NABS08,EUR_HAB,PL,2016,1.4,
ESTAT:SDG_02_30(1.0),18/03/22 23:00:00,A,NABS08,EUR_HAB,PL,2017,1.5,
ESTAT:SDG_02_30(1.0),18/03/22 23:00:00,A,NABS08,EUR_HAB,PL,2018,1.7,
ESTAT:SDG_02_30(1.0),18/03/22 23:00:00,A,NABS08,EUR_HAB,PL,2019,2.6,
ESTAT:SDG_02_30(1.0),18/03/22 23:00:00,A,NABS08,EUR_HAB,PL,2020,3.8,
ESTAT:SDG_02_30(1.0),18/03/22 23:00:00,A,NABS08,EUR_HAB,PT,2004,1.6,
ESTAT:SDG_02_30(1.0),18/03/22 23:00:00,A,NABS08,EUR_HAB,PT,2005,1.8,
ESTAT:SDG_02_30(1.0),18/03/22 23:00:00,A,NABS08,EUR_HAB,PT,2006,1.7,
ESTAT:SDG_02_30(1.0),18/03/22 23:00:00,A,NABS08,EUR_HAB,PT,2007,2.3,
ESTAT:SDG_02_30(1.0),18/03/22 23:00:00,A,NABS08,EUR_HAB,PT,2008,2.6,
ESTAT:SDG_02_30(1.0),18/03/22 23:00:00,A,NABS08,EUR_HAB,PT,2009,3.2,
ESTAT:SDG_02_30(1.0),18/03/22 23:00:00,A,NABS08,EUR_HAB,PT,2010,3,
ESTAT:SDG_02_30(1.0),18/03/22 23:00:00,A,NABS08,EUR_HAB,PT,2011,2.5,
ESTAT:SDG_02_30(1.0),18/03/22 23:00:00,A,NABS08,EUR_HAB,PT,2012,0.9,
ESTAT:SDG_02_30(1.0),18/03/22 23:00:00,A,NABS08,EUR_HAB,PT,2013,1.6,
ESTAT:SDG_02_30(1.0),18/03/22 23:00:00,A,NABS08,EUR_HAB,PT,2014,1.7,
ESTAT:SDG_02_30(1.0),18/03/22 23:00:00,A,NABS08,EUR_HAB,PT,2015,1.8,
ESTAT:SDG_02_30(1.0),18/03/22 23:00:00,A,NABS08,EUR_HAB,PT,2016,1.8,
ESTAT:SDG_02_30(1.0),18/03/22 23:00:00,A,NABS08,EUR_HAB,PT,2017,1.7,
ESTAT:SDG_02_30(1.0),18/03/22 23:00:00,A,NABS08,EUR_HAB,PT,2018,1.8,
ESTAT:SDG_02_30(1.0),18/03/22 23:00:00,A,NABS08,EUR_HAB,PT,2019,1.7,
ESTAT:SDG_02_30(1.0),18/03/22 23:00:00,A,NABS08,EUR_HAB,PT,2020,1.7,
ESTAT:SDG_02_30(1.0),18/03/22 23:00:00,A,NABS08,EUR_HAB,RO,2004,0.3,
ESTAT:SDG_02_30(1.0),18/03/22 23:00:00,A,NABS08,EUR_HAB,RO,2005,0.3,
ESTAT:SDG_02_30(1.0),18/03/22 23:00:00,A,NABS08,EUR_HAB,RO,2006,1.4,
ESTAT:SDG_02_30(1.0),18/03/22 23:00:00,A,NABS08,EUR_HAB,RO,2007,1.4,
ESTAT:SDG_02_30(1.0),18/03/22 23:00:00,A,NABS08,EUR_HAB,RO,2008,2.4,
ESTAT:SDG_02_30(1.0),18/03/22 23:00:00,A,NABS08,EUR_HAB,RO,2009,1.4,
ESTAT:SDG_02_30(1.0),18/03/22 23:00:00,A,NABS08,EUR_HAB,RO,2010,2.9,
ESTAT:SDG_02_30(1.0),18/03/22 23:00:00,A,NABS08,EUR_HAB,RO,2011,1.9,
ESTAT:SDG_02_30(1.0),18/03/22 23:00:00,A,NABS08,EUR_HAB,RO,2012,1.5,
ESTAT:SDG_02_30(1.0),18/03/22 23:00:00,A,NABS08,EUR_HAB,RO,2013,0.7,b
ESTAT:SDG_02_30(1.0),18/03/22 23:00:00,A,NABS08,EUR_HAB,RO,2014,0.8,
ESTAT:SDG_02_30(1.0),18/03/22 23:00:00,A,NABS08,EUR_HAB,RO,2015,1.2,
ESTAT:SDG_02_30(1.0),18/03/22 23:00:00,A,NABS08,EUR_HAB,RO,2016,1.2,
ESTAT:SDG_02_30(1.0),18/03/22 23:00:00,A,NABS08,EUR_HAB,RO,2017,1.1,
ESTAT:SDG_02_30(1.0),18/03/22 23:00:00,A,NABS08,EUR_HAB,RO,2018,0.7,
ESTAT:SDG_02_30(1.0),18/03/22 23:00:00,A,NABS08,EUR_HAB,RO,2019,1.1,
ESTAT:SDG_02_30(1.0),18/03/22 23:00:00,A,NABS08,EUR_HAB,RO,2020,1,
ESTAT:SDG_02_30(1.0),18/03/22 23:00:00,A,NABS08,EUR_HAB,RS,2013,1.5,
ESTAT:SDG_02_30(1.0),18/03/22 23:00:00,A,NABS08,EUR_HAB,RS,2014,1.6,
ESTAT:SDG_02_30(1.0),18/03/22 23:00:00,A,NABS08,EUR_HAB,RS,2015,2,
ESTAT:SDG_02_30(1.0),18/03/22 23:00:00,A,NABS08,EUR_HAB,RS,2016,1.6,
ESTAT:SDG_02_30(1.0),18/03/22 23:00:00,A,NABS08,EUR_HAB,RS,2017,1.8,
ESTAT:SDG_02_30(1.0),18/03/22 23:00:00,A,NABS08,EUR_HAB,RS,2018,1.9,
ESTAT:SDG_02_30(1.0),18/03/22 23:00:00,A,NABS08,EUR_HAB,RS,2019,2.2,
ESTAT:SDG_02_30(1.0),18/03/22 23:00:00,A,NABS08,EUR_HAB,RS,2020,2.6,
ESTAT:SDG_02_30(1.0),18/03/22 23:00:00,A,NABS08,EUR_HAB,RU,2007,0.3,
ESTAT:SDG_02_30(1.0),18/03/22 23:00:00,A,NABS08,EUR_HAB,RU,2008,0.4,
ESTAT:SDG_02_30(1.0),18/03/22 23:00:00,A,NABS08,EUR_HAB,RU,2009,0.7,
ESTAT:SDG_02_30(1.0),18/03/22 23:00:00,A,NABS08,EUR_HAB,SE,2004,7.8,
ESTAT:SDG_02_30(1.0),18/03/22 23:00:00,A,NABS08,EUR_HAB,SE,2005,6.2,
ESTAT:SDG_02_30(1.0),18/03/22 23:00:00,A,NABS08,EUR_HAB,SE,2006,6.6,
ESTAT:SDG_02_30(1.0),18/03/22 23:00:00,A,NABS08,EUR_HAB,SE,2007,4.3,
ESTAT:SDG_02_30(1.0),18/03/22 23:00:00,A,NABS08,EUR_HAB,SE,2008,4.7,
ESTAT:SDG_02_30(1.0),18/03/22 23:00:00,A,NABS08,EUR_HAB,SE,2009,4.4,d
ESTAT:SDG_02_30(1.0),18/03/22 23:00:00,A,NABS08,EUR_HAB,SE,2010,5.1,d
ESTAT:SDG_02_30(1.0),18/03/22 23:00:00,A,NABS08,EUR_HAB,SE,2011,5.5,d
ESTAT:SDG_02_30(1.0),18/03/22 23:00:00,A,NABS08,EUR_HAB,SE,2012,6.1,d
ESTAT:SDG_02_30(1.0),18/03/22 23:00:00,A,NABS08,EUR_HAB,SE,2013,5.5,d
ESTAT:SDG_02_30(1.0),18/03/22 23:00:00,A,NABS08,EUR_HAB,SE,2014,5.6,d
ESTAT:SDG_02_30(1.0),18/03/22 23:00:00,A,NABS08,EUR_HAB,SE,2015,4.8,d
ESTAT:SDG_02_30(1.0),18/03/22 23:00:00,A,NABS08,EUR_HAB,SE,2016,5.3,e
ESTAT:SDG_02_30(1.0),18/03/22 23:00:00,A,NABS08,EUR_HAB,SE,2017,4.8,e
ESTAT:SDG_02_30(1.0),18/03/22 23:00:00,A,NABS08,EUR_HAB,SE,2018,4.2,e
ESTAT:SDG_02_30(1.0),18/03/22 23:00:00,A,NABS08,EUR_HAB,SE,2019,4.5,
ESTAT:SDG_02_30(1.0),18/03/22 23:00:00,A,NABS08,EUR_HAB,SE,2020,4.8,e
ESTAT:SDG_02_30(1.0),18/03/22 23:00:00,A,NABS08,EUR_HAB,SI,2004,1.9,
ESTAT:SDG_02_30(1.0),18/03/22 23:00:00,A,NABS08,EUR_HAB,SI,2005,2.7,
ESTAT:SDG_02_30(1.0),18/03/22 23:00:00,A,NABS08,EUR_HAB,SI,2006,2,
ESTAT:SDG_02_30(1.0),18/03/22 23:00:00,A,NABS08,EUR_HAB,SI,2007,3.7,
ESTAT:SDG_02_30(1.0),18/03/22 23:00:00,A,NABS08,EUR_HAB,SI,2008,3.8,
ESTAT:SDG_02_30(1.0),18/03/22 23:00:00,A,NABS08,EUR_HAB,SI,2009,4,
ESTAT:SDG_02_30(1.0),18/03/22 23:00:00,A,NABS08,EUR_HAB,SI,2010,4,
ESTAT:SDG_02_30(1.0),18/03/22 23:00:00,A,NABS08,EUR_HAB,SI,2011,4.5,
ESTAT:SDG_02_30(1.0),18/03/22 23:00:00,A,NABS08,EUR_HAB,SI,2012,3.6,
ESTAT:SDG_02_30(1.0),18/03/22 23:00:00,A,NABS08,EUR_HAB,SI,2013,3.4,
ESTAT:SDG_02_30(1.0),18/03/22 23:00:00,A,NABS08,EUR_HAB,SI,2014,3.3,
ESTAT:SDG_02_30(1.0),18/03/22 23:00:00,A,NABS08,EUR_HAB,SI,2015,2.9,
ESTAT:SDG_02_30(1.0),18/03/22 23:00:00,A,NABS08,EUR_HAB,SI,2016,3.4,
ESTAT:SDG_02_30(1.0),18/03/22 23:00:00,A,NABS08,EUR_HAB,SI,2017,4.4,
ESTAT:SDG_02_30(1.0),18/03/22 23:00:00,A,NABS08,EUR_HAB,SI,2018,6,
ESTAT:SDG_02_30(1.0),18/03/22 23:00:00,A,NABS08,EUR_HAB,SI,2019,4.8,
ESTAT:SDG_02_30(1.0),18/03/22 23:00:00,A,NABS08,EUR_HAB,SI,2020,6,
ESTAT:SDG_02_30(1.0),18/03/22 23:00:00,A,NABS08,EUR_HAB,SK,2004,1.9,
ESTAT:SDG_02_30(1.0),18/03/22 23:00:00,A,NABS08,EUR_HAB,SK,2005,2.3,
ESTAT:SDG_02_30(1.0),18/03/22 23:00:00,A,NABS08,EUR_HAB,SK,2006,2,
ESTAT:SDG_02_30(1.0),18/03/22 23:00:00,A,NABS08,EUR_HAB,SK,2007,1.9,
ESTAT:SDG_02_30(1.0),18/03/22 23:00:00,A,NABS08,EUR_HAB,SK,2008,2,
ESTAT:SDG_02_30(1.0),18/03/22 23:00:00,A,NABS08,EUR_HAB,SK,2009,2.1,
ESTAT:SDG_02_30(1.0),18/03/22 23:00:00,A,NABS08,EUR_HAB,SK,2010,2.5,
ESTAT:SDG_02_30(1.0),18/03/22 23:00:00,A,NABS08,EUR_HAB,SK,2011,3.3,
ESTAT:SDG_02_30(1.0),18/03/22 23:00:00,A,NABS08,EUR_HAB,SK,2012,1.8,
ESTAT:SDG_02_30(1.0),18/03/22 23:00:00,A,NABS08,EUR_HAB,SK,2013,2.2,
ESTAT:SDG_02_30(1.0),18/03/22 23:00:00,A,NABS08,EUR_HAB,SK,2014,1.8,
ESTAT:SDG_02_30(1.0),18/03/22 23:00:00,A,NABS08,EUR_HAB,SK,2015,1.9,
ESTAT:SDG_02_30(1.0),18/03/22 23:00:00,A,NABS08,EUR_HAB,SK,2016,1.8,
ESTAT:SDG_02_30(1.0),18/03/22 23:00:00,A,NABS08,EUR_HAB,SK,2017,2.3,
ESTAT:SDG_02_30(1.0),18/03/22 23:00:00,A,NABS08,EUR_HAB,SK,2018,2.1,
ESTAT:SDG_02_30(1.0),18/03/22 23:00:00,A,NABS08,EUR_HAB,SK,2019,2.9,
ESTAT:SDG_02_30(1.0),18/03/22 23:00:00,A,NABS08,EUR_HAB,SK,2020,2.9,
ESTAT:SDG_02_30(1.0),18/03/22 23:00:00,A,NABS08,EUR_HAB,TR,2008,0.6,
ESTAT:SDG_02_30(1.0),18/03/22 23:00:00,A,NABS08,EUR_HAB,TR,2009,0.9,
ESTAT:SDG_02_30(1.0),18/03/22 23:00:00,A,NABS08,EUR_HAB,TR,2010,0.8,
ESTAT:SDG_02_30(1.0),18/03/22 23:00:00,A,NABS08,EUR_HAB,TR,2011,0.9,
ESTAT:SDG_02_30(1.0),18/03/22 23:00:00,A,NABS08,EUR_HAB,TR,2012,0.8,
ESTAT:SDG_02_30(1.0),18/03/22 23:00:00,A,NABS08,EUR_HAB,TR,2013,0.7,
ESTAT:SDG_02_30(1.0),18/03/22 23:00:00,A,NABS08,EUR_HAB,TR,2014,0.6,
ESTAT:SDG_02_30(1.0),18/03/22 23:00:00,A,NABS08,EUR_HAB,TR,2015,1.1,
ESTAT:SDG_02_30(1.0),18/03/22 23:00:00,A,NABS08,EUR_HAB,TR,2016,0.9,
ESTAT:SDG_02_30(1.0),18/03/22 23:00:00,A,NABS08,EUR_HAB,TR,2017,0.8,
ESTAT:SDG_02_30(1.0),18/03/22 23:00:00,A,NABS08,EUR_HAB,TR,2018,0.6,
ESTAT:SDG_02_30(1.0),18/03/22 23:00:00,A,NABS08,EUR_HAB,TR,2019,0.5,
ESTAT:SDG_02_30(1.0),18/03/22 23:00:00,A,NABS08,EUR_HAB,TR,2020,0.5,
ESTAT:SDG_02_30(1.0),18/03/22 23:00:00,A,NABS08,EUR_HAB,UK,2004,6.9,
ESTAT:SDG_02_30(1.0),18/03/22 23:00:00,A,NABS08,EUR_HAB,UK,2005,6.6,
ESTAT:SDG_02_30(1.0),18/03/22 23:00:00,A,NABS08,EUR_HAB,UK,2006,6.9,
ESTAT:SDG_02_30(1.0),18/03/22 23:00:00,A,NABS08,EUR_HAB,UK,2007,6,
ESTAT:SDG_02_30(1.0),18/03/22 23:00:00,A,NABS08,EUR_HAB,UK,2008,5.1,
ESTAT:SDG_02_30(1.0),18/03/22 23:00:00,A,NABS08,EUR_HAB,UK,2009,6.1,
ESTAT:SDG_02_30(1.0),18/03/22 23:00:00,A,NABS08,EUR_HAB,UK,2010,5.7,
ESTAT:SDG_02_30(1.0),18/03/22 23:00:00,A,NABS08,EUR_HAB,UK,2011,6.5,
ESTAT:SDG_02_30(1.0),18/03/22 23:00:00,A,NABS08,EUR_HAB,UK,2012,7.4,
ESTAT:SDG_02_30(1.0),18/03/22 23:00:00,A,NABS08,EUR_HAB,UK,2013,7.4,
ESTAT:SDG_02_30(1.0),18/03/22 23:00:00,A,NABS08,EUR_HAB,UK,2014,6.5,
ESTAT:SDG_02_30(1.0),18/03/22 23:00:00,A,NABS08,EUR_HAB,UK,2015,7.4,
ESTAT:SDG_02_30(1.0),18/03/22 23:00:00,A,NABS08,EUR_HAB,UK,2016,6.9,
ESTAT:SDG_02_30(1.0),18/03/22 23:00:00,A,NABS08,EUR_HAB,UK,2017,7.2,
ESTAT:SDG_02_30(1.0),18/03/22 23:00:00,A,NABS08,EUR_HAB,UK,2018,6.3,
ESTAT:SDG_02_30(1.0),18/03/22 23:00:00,A,NABS08,EUR_HAB,UK,2019,6,
ESTAT:SDG_02_30(1.0),18/03/22 23:00:00,A,NABS08,MIO_EUR,AT,2004,34.572,d
ESTAT:SDG_02_30(1.0),18/03/22 23:00:00,A,NABS08,MIO_EUR,AT,2005,30.536,d
ESTAT:SDG_02_30(1.0),18/03/22 23:00:00,A,NABS08,MIO_EUR,AT,2006,32.028,d
ESTAT:SDG_02_30(1.0),18/03/22 23:00:00,A,NABS08,MIO_EUR,AT,2007,37.248,d
ESTAT:SDG_02_30(1.0),18/03/22 23:00:00,A,NABS08,MIO_EUR,AT,2008,40.021,d
ESTAT:SDG_02_30(1.0),18/03/22 23:00:00,A,NABS08,MIO_EUR,AT,2009,37.747,d
ESTAT:SDG_02_30(1.0),18/03/22 23:00:00,A,NABS08,MIO_EUR,AT,2010,39.372,d
ESTAT:SDG_02_30(1.0),18/03/22 23:00:00,A,NABS08,MIO_EUR,AT,2011,41.121,d
ESTAT:SDG_02_30(1.0),18/03/22 23:00:00,A,NABS08,MIO_EUR,AT,2012,38.554,d
ESTAT:SDG_02_30(1.0),18/03/22 23:00:00,A,NABS08,MIO_EUR,AT,2013,45.013,d
ESTAT:SDG_02_30(1.0),18/03/22 23:00:00,A,NABS08,MIO_EUR,AT,2014,34.433,d
ESTAT:SDG_02_30(1.0),18/03/22 23:00:00,A,NABS08,MIO_EUR,AT,2015,32.304,d
ESTAT:SDG_02_30(1.0),18/03/22 23:00:00,A,NABS08,MIO_EUR,AT,2016,32.13,
ESTAT:SDG_02_30(1.0),18/03/22 23:00:00,A,NABS08,MIO_EUR,AT,2017,39.613,d
ESTAT:SDG_02_30(1.0),18/03/22 23:00:00,A,NABS08,MIO_EUR,AT,2018,38.483,d
ESTAT:SDG_02_30(1.0),18/03/22 23:00:00,A,NABS08,MIO_EUR,AT,2019,36.059,d
ESTAT:SDG_02_30(1.0),18/03/22 23:00:00,A,NABS08,MIO_EUR,AT,2020,39.288,d
ESTAT:SDG_02_30(1.0),18/03/22 23:00:00,A,NABS08,MIO_EUR,BA,2014,2.241,
ESTAT:SDG_02_30(1.0),18/03/22 23:00:00,A,NABS08,MIO_EUR,BA,2015,0,
ESTAT:SDG_02_30(1.0),18/03/22 23:00:00,A,NABS08,MIO_EUR,BA,2016,0,
ESTAT:SDG_02_30(1.0),18/03/22 23:00:00,A,NABS08,MIO_EUR,BA,2017,0,
ESTAT:SDG_02_30(1.0),18/03/22 23:00:00,A,NABS08,MIO_EUR,BA,2018,0,
ESTAT:SDG_02_30(1.0),18/03/22 23:00:00,A,NABS08,MIO_EUR,BA,2019,0,
ESTAT:SDG_02_30(1.0),18/03/22 23:00:00,A,NABS08,MIO_EUR,BE,2004,32.562,
ESTAT:SDG_02_30(1.0),18/03/22 23:00:00,A,NABS08,MIO_EUR,BE,2005,23.847,
ESTAT:SDG_02_30(1.0),18/03/22 23:00:00,A,NABS08,MIO_EUR,BE,2006,24.965,
ESTAT:SDG_02_30(1.0),18/03/22 23:00:00,A,NABS08,MIO_EUR,BE,2007,29.292,
ESTAT:SDG_02_30(1.0),18/03/22 23:00:00,A,NABS08,MIO_EUR,BE,2008,30.097,
ESTAT:SDG_02_30(1.0),18/03/22 23:00:00,A,NABS08,MIO_EUR,BE,2009,31.742,
ESTAT:SDG_02_30(1.0),18/03/22 23:00:00,A,NABS08,MIO_EUR,BE,2010,32.205,
ESTAT:SDG_02_30(1.0),18/03/22 23:00:00,A,NABS08,MIO_EUR,BE,2011,37.425,
ESTAT:SDG_02_30(1.0),18/03/22 23:00:00,A,NABS08,MIO_EUR,BE,2012,39.496,
ESTAT:SDG_02_30(1.0),18/03/22 23:00:00,A,NABS08,MIO_EUR,BE,2013,34.822,
ESTAT:SDG_02_30(1.0),18/03/22 23:00:00,A,NABS08,MIO_EUR,BE,2014,38.953,
ESTAT:SDG_02_30(1.0),18/03/22 23:00:00,A,NABS08,MIO_EUR,BE,2015,37.268,
ESTAT:SDG_02_30(1.0),18/03/22 23:00:00,A,NABS08,MIO_EUR,BE,2016,37.101,
ESTAT:SDG_02_30(1.0),18/03/22 23:00:00,A,NABS08,MIO_EUR,BE,2017,36.742,
ESTAT:SDG_02_30(1.0),18/03/22 23:00:00,A,NABS08,MIO_EUR,BE,2018,64.162,
ESTAT:SDG_02_30(1.0),18/03/22 23:00:00,A,NABS08,MIO_EUR,BE,2019,57.014,
ESTAT:SDG_02_30(1.0),18/03/22 23:00:00,A,NABS08,MIO_EUR,BE,2020,58.547,
ESTAT:SDG_02_30(1.0),18/03/22 23:00:00,A,NABS08,MIO_EUR,BG,2007,13.025,
ESTAT:SDG_02_30(1.0),18/03/22 23:00:00,A,NABS08,MIO_EUR,BG,2008,24.964,
ESTAT:SDG_02_30(1.0),18/03/22 23:00:00,A,NABS08,MIO_EUR,BG,2009,23.011,
ESTAT:SDG_02_30(1.0),18/03/22 23:00:00,A,NABS08,MIO_EUR,BG,2010,13.869,
ESTAT:SDG_02_30(1.0),18/03/22 23:00:00,A,NABS08,MIO_EUR,BG,2011,14.747,
ESTAT:SDG_02_30(1.0),18/03/22 23:00:00,A,NABS08,MIO_EUR,BG,2012,16.634,
ESTAT:SDG_02_30(1.0),18/03/22 23:00:00,A,NABS08,MIO_EUR,BG,2013,20.47,
ESTAT:SDG_02_30(1.0),18/03/22 23:00:00,A,NABS08,MIO_EUR,BG,2014,17.582,
ESTAT:SDG_02_30(1.0),18/03/22 23:00:00,A,NABS08,MIO_EUR,BG,2015,17.294,
ESTAT:SDG_02_30(1.0),18/03/22 23:00:00,A,NABS08,MIO_EUR,BG,2016,15.713,
ESTAT:SDG_02_30(1.0),18/03/22 23:00:00,A,NABS08,MIO_EUR,BG,2017,21.095,
ESTAT:SDG_02_30(1.0),18/03/22 23:00:00,A,NABS08,MIO_EUR,BG,2018,21.484,
ESTAT:SDG_02_30(1.0),18/03/22 23:00:00,A,NABS08,MIO_EUR,BG,2019,24.801,
ESTAT:SDG_02_30(1.0),18/03/22 23:00:00,A,NABS08,MIO_EUR,BG,2020,25.422,
ESTAT:SDG_02_30(1.0),18/03/22 23:00:00,A,NABS08,MIO_EUR,CH,2004,47.791,
ESTAT:SDG_02_30(1.0),18/03/22 23:00:00,A,NABS08,MIO_EUR,CH,2006,48.981,
ESTAT:SDG_02_30(1.0),18/03/22 23:00:00,A,NABS08,MIO_EUR,CH,2008,47.932,
ESTAT:SDG_02_30(1.0),18/03/22 23:00:00,A,NABS08,MIO_EUR,CH,2010,59.537,
ESTAT:SDG_02_30(1.0),18/03/22 23:00:00,A,NABS08,MIO_EUR,CH,2012,74.801,
ESTAT:SDG_02_30(1.0),18/03/22 23:00:00,A,NABS08,MIO_EUR,CH,2014,105.572,
ESTAT:SDG_02_30(1.0),18/03/22 23:00:00,A,NABS08,MIO_EUR,CH,2015,125.825,
ESTAT:SDG_02_30(1.0),18/03/22 23:00:00,A,NABS08,MIO_EUR,CH,2017,116.142,b
ESTAT:SDG_02_30(1.0),18/03/22 23:00:00,A,NABS08,MIO_EUR,CH,2018,131.151,
ESTAT:SDG_02_30(1.0),18/03/22 23:00:00,A,NABS08,MIO_EUR,CH,2019,141.664,
ESTAT:SDG_02_30(1.0),18/03/22 23:00:00,A,NABS08,MIO_EUR,CH,2020,150.095,
ESTAT:SDG_02_30(1.0),18/03/22 23:00:00,A,NABS08,MIO_EUR,CY,2004,10.646,
ESTAT:SDG_02_30(1.0),18/03/22 23:00:00,A,NABS08,MIO_EUR,CY,2005,10.32,
ESTAT:SDG_02_30(1.0),18/03/22 23:00:00,A,NABS08,MIO_EUR,CY,2006,9.926,
ESTAT:SDG_02_30(1.0),18/03/22 23:00:00,A,NABS08,MIO_EUR,CY,2007,11.043,
ESTAT:SDG_02_30(1.0),18/03/22 23:00:00,A,NABS08,MIO_EUR,CY,2008,9.494,
ESTAT:SDG_02_30(1.0),18/03/22 23:00:00,A,NABS08,MIO_EUR,CY,2009,9.97,
ESTAT:SDG_02_30(1.0),18/03/22 23:00:00,A,NABS08,MIO_EUR,CY,2010,9.633,
ESTAT:SDG_02_30(1.0),18/03/22 23:00:00,A,NABS08,MIO_EUR,CY,2011,9.663,
ESTAT:SDG_02_30(1.0),18/03/22 23:00:00,A,NABS08,MIO_EUR,CY,2012,9.037,
ESTAT:SDG_02_30(1.0),18/03/22 23:00:00,A,NABS08,MIO_EUR,CY,2013,7.015,
ESTAT:SDG_02_30(1.0),18/03/22 23:00:00,A,NABS08,MIO_EUR,CY,2014,6.01,
ESTAT:SDG_02_30(1.0),18/03/22 23:00:00,A,NABS08,MIO_EUR,CY,2015,5.933,
ESTAT:SDG_02_30(1.0),18/03/22 23:00:00,A,NABS08,MIO_EUR,CY,2016,5.507,
ESTAT:SDG_02_30(1.0),18/03/22 23:00:00,A,NABS08,MIO_EUR,CY,2017,5.75,
ESTAT:SDG_02_30(1.0),18/03/22 23:00:00,A,NABS08,MIO_EUR,CY,2018,5.947,
ESTAT:SDG_02_30(1.0),18/03/22 23:00:00,A,NABS08,MIO_EUR,CY,2019,6.245,
ESTAT:SDG_02_30(1.0),18/03/22 23:00:00,A,NABS08,MIO_EUR,CY,2020,7.077,
ESTAT:SDG_02_30(1.0),18/03/22 23:00:00,A,NABS08,MIO_EUR,CZ,2004,24.608,
ESTAT:SDG_02_30(1.0),18/03/22 23:00:00,A,NABS08,MIO_EUR,CZ,2005,28.801,
ESTAT:SDG_02_30(1.0),18/03/22 23:00:00,A,NABS08,MIO_EUR,CZ,2006,33.389,
ESTAT:SDG_02_30(1.0),18/03/22 23:00:00,A,NABS08,MIO_EUR,CZ,2007,36.979,
ESTAT:SDG_02_30(1.0),18/03/22 23:00:00,A,NABS08,MIO_EUR,CZ,2008,43.407,
ESTAT:SDG_02_30(1.0),18/03/22 23:00:00,A,NABS08,MIO_EUR,CZ,2009,45.258,
ESTAT:SDG_02_30(1.0),18/03/22 23:00:00,A,NABS08,MIO_EUR,CZ,2010,44.694,
ESTAT:SDG_02_30(1.0),18/03/22 23:00:00,A,NABS08,MIO_EUR,CZ,2011,46.686,
ESTAT:SDG_02_30(1.0),18/03/22 23:00:00,A,NABS08,MIO_EUR,CZ,2012,40.67,
ESTAT:SDG_02_30(1.0),18/03/22 23:00:00,A,NABS08,MIO_EUR,CZ,2013,39.215,
ESTAT:SDG_02_30(1.0),18/03/22 23:00:00,A,NABS08,MIO_EUR,CZ,2014,40.683,
ESTAT:SDG_02_30(1.0),18/03/22 23:00:00,A,NABS08,MIO_EUR,CZ,2015,42.105,
ESTAT:SDG_02_30(1.0),18/03/22 23:00:00,A,NABS08,MIO_EUR,CZ,2016,41.07,
ESTAT:SDG_02_30(1.0),18/03/22 23:00:00,A,NABS08,MIO_EUR,CZ,2017,46.571,
ESTAT:SDG_02_30(1.0),18/03/22 23:00:00,A,NABS08,MIO_EUR,CZ,2018,48.338,
ESTAT:SDG_02_30(1.0),18/03/22 23:00:00,A,NABS08,MIO_EUR,CZ,2019,59.655,
ESTAT:SDG_02_30(1.0),18/03/22 23:00:00,A,NABS08,MIO_EUR,CZ,2020,58.972,
ESTAT:SDG_02_30(1.0),18/03/22 23:00:00,A,NABS08,MIO_EUR,DE,2004,332.27,d
ESTAT:SDG_02_30(1.0),18/03/22 23:00:00,A,NABS08,MIO_EUR,DE,2005,310.22,d
ESTAT:SDG_02_30(1.0),18/03/22 23:00:00,A,NABS08,MIO_EUR,DE,2006,397.186,d
ESTAT:SDG_02_30(1.0),18/03/22 23:00:00,A,NABS08,MIO_EUR,DE,2007,489.177,d
ESTAT:SDG_02_30(1.0),18/03/22 23:00:00,A,NABS08,MIO_EUR,DE,2008,559.813,d
ESTAT:SDG_02_30(1.0),18/03/22 23:00:00,A,NABS08,MIO_EUR,DE,2009,662.9,d
ESTAT:SDG_02_30(1.0),18/03/22 23:00:00,A,NABS08,MIO_EUR,DE,2010,770.7,d
ESTAT:SDG_02_30(1.0),18/03/22 23:00:00,A,NABS08,MIO_EUR,DE,2011,743.4,d
ESTAT:SDG_02_30(1.0),18/03/22 23:00:00,A,NABS08,MIO_EUR,DE,2012,691.2,d
ESTAT:SDG_02_30(1.0),18/03/22 23:00:00,A,NABS08,MIO_EUR,DE,2013,719.1,d
ESTAT:SDG_02_30(1.0),18/03/22 23:00:00,A,NABS08,MIO_EUR,DE,2014,728.18,d
ESTAT:SDG_02_30(1.0),18/03/22 23:00:00,A,NABS08,MIO_EUR,DE,2015,812.92,d
ESTAT:SDG_02_30(1.0),18/03/22 23:00:00,A,NABS08,MIO_EUR,DE,2016,824.67,
ESTAT:SDG_02_30(1.0),18/03/22 23:00:00,A,NABS08,MIO_EUR,DE,2017,881.19,
ESTAT:SDG_02_30(1.0),18/03/22 23:00:00,A,NABS08,MIO_EUR,DE,2018,916.74,
ESTAT:SDG_02_30(1.0),18/03/22 23:00:00,A,NABS08,MIO_EUR,DE,2019,917.46,
ESTAT:SDG_02_30(1.0),18/03/22 23:00:00,A,NABS08,MIO_EUR,DE,2020,1028.53,
ESTAT:SDG_02_30(1.0),18/03/22 23:00:00,A,NABS08,MIO_EUR,DK,2004,79.114,
ESTAT:SDG_02_30(1.0),18/03/22 23:00:00,A,NABS08,MIO_EUR,DK,2005,82.745,
ESTAT:SDG_02_30(1.0),18/03/22 23:00:00,A,NABS08,MIO_EUR,DK,2006,93.885,
ESTAT:SDG_02_30(1.0),18/03/22 23:00:00,A,NABS08,MIO_EUR,DK,2007,91.389,
ESTAT:SDG_02_30(1.0),18/03/22 23:00:00,A,NABS08,MIO_EUR,DK,2008,74.96,
ESTAT:SDG_02_30(1.0),18/03/22 23:00:00,A,NABS08,MIO_EUR,DK,2009,74.481,
ESTAT:SDG_02_30(1.0),18/03/22 23:00:00,A,NABS08,MIO_EUR,DK,2010,72.59,
ESTAT:SDG_02_30(1.0),18/03/22 23:00:00,A,NABS08,MIO_EUR,DK,2011,80.41,
ESTAT:SDG_02_30(1.0),18/03/22 23:00:00,A,NABS08,MIO_EUR,DK,2012,68.541,
ESTAT:SDG_02_30(1.0),18/03/22 23:00:00,A,NABS08,MIO_EUR,DK,2013,91.634,
ESTAT:SDG_02_30(1.0),18/03/22 23:00:00,A,NABS08,MIO_EUR,DK,2014,69.07,
ESTAT:SDG_02_30(1.0),18/03/22 23:00:00,A,NABS08,MIO_EUR,DK,2015,93.435,
ESTAT:SDG_02_30(1.0),18/03/22 23:00:00,A,NABS08,MIO_EUR,DK,2016,96.572,
ESTAT:SDG_02_30(1.0),18/03/22 23:00:00,A,NABS08,MIO_EUR,DK,2017,76.95,e
ESTAT:SDG_02_30(1.0),18/03/22 23:00:00,A,NABS08,MIO_EUR,DK,2018,87.426,e
ESTAT:SDG_02_30(1.0),18/03/22 23:00:00,A,NABS08,MIO_EUR,DK,2019,101.753,e
ESTAT:SDG_02_30(1.0),18/03/22 23:00:00,A,NABS08,MIO_EUR,DK,2020,90.486,
ESTAT:SDG_02_30(1.0),18/03/22 23:00:00,A,NABS08,MIO_EUR,EA19,2004,1880.834,e
ESTAT:SDG_02_30(1.0),18/03/22 23:00:00,A,NABS08,MIO_EUR,EA19,2005,2013.952,e
ESTAT:SDG_02_30(1.0),18/03/22 23:00:00,A,NABS08,MIO_EUR,EA19,2006,2127.86,e
ESTAT:SDG_02_30(1.0),18/03/22 23:00:00,A,NABS08,MIO_EUR,EA19,2007,2465.301,e
ESTAT:SDG_02_30(1.0),18/03/22 23:00:00,A,NABS08,MIO_EUR,EA19,2008,2620.32,e
ESTAT:SDG_02_30(1.0),18/03/22 23:00:00,A,NABS08,MIO_EUR,EA19,2009,2491.608,e
ESTAT:SDG_02_30(1.0),18/03/22 23:00:00,A,NABS08,MIO_EUR,EA19,2010,2549.068,e
ESTAT:SDG_02_30(1.0),18/03/22 23:00:00,A,NABS08,MIO_EUR,EA19,2011,2577.798,e
ESTAT:SDG_02_30(1.0),18/03/22 23:00:00,A,NABS08,MIO_EUR,EA19,2012,2177.433,e
ESTAT:SDG_02_30(1.0),18/03/22 23:00:00,A,NABS08,MIO_EUR,EA19,2013,2225.102,e
ESTAT:SDG_02_30(1.0),18/03/22 23:00:00,A,NABS08,MIO_EUR,EA19,2014,2255.395,e
ESTAT:SDG_02_30(1.0),18/03/22 23:00:00,A,NABS08,MIO_EUR,EA19,2015,2299.583,e
ESTAT:SDG_02_30(1.0),18/03/22 23:00:00,A,NABS08,MIO_EUR,EA19,2016,2348.071,e
ESTAT:SDG_02_30(1.0),18/03/22 23:00:00,A,NABS08,MIO_EUR,EA19,2017,2439.428,e
ESTAT:SDG_02_30(1.0),18/03/22 23:00:00,A,NABS08,MIO_EUR,EA19,2018,2541.529,e
ESTAT:SDG_02_30(1.0),18/03/22 23:00:00,A,NABS08,MIO_EUR,EA19,2019,2559.43,e
ESTAT:SDG_02_30(1.0),18/03/22 23:00:00,A,NABS08,MIO_EUR,EA19,2020,2766.156,e
ESTAT:SDG_02_30(1.0),18/03/22 23:00:00,A,NABS08,MIO_EUR,EE,2004,5.317,e
ESTAT:SDG_02_30(1.0),18/03/22 23:00:00,A,NABS08,MIO_EUR,EE,2005,6.097,e
ESTAT:SDG_02_30(1.0),18/03/22 23:00:00,A,NABS08,MIO_EUR,EE,2006,6.896,e
ESTAT:SDG_02_30(1.0),18/03/22 23:00:00,A,NABS08,MIO_EUR,EE,2007,7.439,e
ESTAT:SDG_02_30(1.0),18/03/22 23:00:00,A,NABS08,MIO_EUR,EE,2008,7.407,e
ESTAT:SDG_02_30(1.0),18/03/22 23:00:00,A,NABS08,MIO_EUR,EE,2009,7.286,e
ESTAT:SDG_02_30(1.0),18/03/22 23:00:00,A,NABS08,MIO_EUR,EE,2010,8.191,e
ESTAT:SDG_02_30(1.0),18/03/22 23:00:00,A,NABS08,MIO_EUR,EE,2011,12.214,e
ESTAT:SDG_02_30(1.0),18/03/22 23:00:00,A,NABS08,MIO_EUR,EE,2012,16.009,e
ESTAT:SDG_02_30(1.0),18/03/22 23:00:00,A,NABS08,MIO_EUR,EE,2013,14.585,e
ESTAT:SDG_02_30(1.0),18/03/22 23:00:00,A,NABS08,MIO_EUR,EE,2014,9.151,e
ESTAT:SDG_02_30(1.0),18/03/22 23:00:00,A,NABS08,MIO_EUR,EE,2015,8.6,
ESTAT:SDG_02_30(1.0),18/03/22 23:00:00,A,NABS08,MIO_EUR,EE,2016,6.5,
ESTAT:SDG_02_30(1.0),18/03/22 23:00:00,A,NABS08,MIO_EUR,EE,2017,8.8,
ESTAT:SDG_02_30(1.0),18/03/22 23:00:00,A,NABS08,MIO_EUR,EE,2018,5.4,
ESTAT:SDG_02_30(1.0),18/03/22 23:00:00,A,NABS08,MIO_EUR,EE,2019,6.86,
ESTAT:SDG_02_30(1.0),18/03/22 23:00:00,A,NABS08,MIO_EUR,EE,2020,9.96,
ESTAT:SDG_02_30(1.0),18/03/22 23:00:00,A,NABS08,MIO_EUR,EL,2004,27.99,
ESTAT:SDG_02_30(1.0),18/03/22 23:00:00,A,NABS08,MIO_EUR,EL,2005,34,
ESTAT:SDG_02_30(1.0),18/03/22 23:00:00,A,NABS08,MIO_EUR,EL,2006,41.1,
ESTAT:SDG_02_30(1.0),18/03/22 23:00:00,A,NABS08,MIO_EUR,EL,2007,42.534,
ESTAT:SDG_02_30(1.0),18/03/22 23:00:00,A,NABS08,MIO_EUR,EL,2008,38.02,b
ESTAT:SDG_02_30(1.0),18/03/22 23:00:00,A,NABS08,MIO_EUR,EL,2009,31.09,
ESTAT:SDG_02_30(1.0),18/03/22 23:00:00,A,NABS08,MIO_EUR,EL,2010,28.93,
ESTAT:SDG_02_30(1.0),18/03/22 23:00:00,A,NABS08,MIO_EUR,EL,2011,31.43,
ESTAT:SDG_02_30(1.0),18/03/22 23:00:00,A,NABS08,MIO_EUR,EL,2012,27.45,
ESTAT:SDG_02_30(1.0),18/03/22 23:00:00,A,NABS08,MIO_EUR,EL,2013,28.13,
ESTAT:SDG_02_30(1.0),18/03/22 23:00:00,A,NABS08,MIO_EUR,EL,2014,29.61,
ESTAT:SDG_02_30(1.0),18/03/22 23:00:00,A,NABS08,MIO_EUR,EL,2015,30.03,
ESTAT:SDG_02_30(1.0),18/03/22 23:00:00,A,NABS08,MIO_EUR,EL,2016,32.98,
ESTAT:SDG_02_30(1.0),18/03/22 23:00:00,A,NABS08,MIO_EUR,EL,2017,18.73,
ESTAT:SDG_02_30(1.0),18/03/22 23:00:00,A,NABS08,MIO_EUR,EL,2018,32,
ESTAT:SDG_02_30(1.0),18/03/22 23:00:00,A,NABS08,MIO_EUR,EL,2019,56.71,
ESTAT:SDG_02_30(1.0),18/03/22 23:00:00,A,NABS08,MIO_EUR,EL,2020,43.65,
ESTAT:SDG_02_30(1.0),18/03/22 23:00:00,A,NABS08,MIO_EUR,ES,2004,354.928,
ESTAT:SDG_02_30(1.0),18/03/22 23:00:00,A,NABS08,MIO_EUR,ES,2005,454.151,
ESTAT:SDG_02_30(1.0),18/03/22 23:00:00,A,NABS08,MIO_EUR,ES,2006,585.795,
ESTAT:SDG_02_30(1.0),18/03/22 23:00:00,A,NABS08,MIO_EUR,ES,2007,711.502,
ESTAT:SDG_02_30(1.0),18/03/22 23:00:00,A,NABS08,MIO_EUR,ES,2008,717.838,
ESTAT:SDG_02_30(1.0),18/03/22 23:00:00,A,NABS08,MIO_EUR,ES,2009,664.078,
ESTAT:SDG_02_30(1.0),18/03/22 23:00:00,A,NABS08,MIO_EUR,ES,2010,585.967,
ESTAT:SDG_02_30(1.0),18/03/22 23:00:00,A,NABS08,MIO_EUR,ES,2011,548.888,
ESTAT:SDG_02_30(1.0),18/03/22 23:00:00,A,NABS08,MIO_EUR,ES,2012,388.166,
ESTAT:SDG_02_30(1.0),18/03/22 23:00:00,A,NABS08,MIO_EUR,ES,2013,375.13,
ESTAT:SDG_02_30(1.0),18/03/22 23:00:00,A,NABS08,MIO_EUR,ES,2014,366.294,
ESTAT:SDG_02_30(1.0),18/03/22 23:00:00,A,NABS08,MIO_EUR,ES,2015,401.797,
ESTAT:SDG_02_30(1.0),18/03/22 23:00:00,A,NABS08,MIO_EUR,ES,2016,401.443,
ESTAT:SDG_02_30(1.0),18/03/22 23:00:00,A,NABS08,MIO_EUR,ES,2017,397.853,
ESTAT:SDG_02_30(1.0),18/03/22 23:00:00,A,NABS08,MIO_EUR,ES,2018,434.049,
ESTAT:SDG_02_30(1.0),18/03/22 23:00:00,A,NABS08,MIO_EUR,ES,2019,449.018,
ESTAT:SDG_02_30(1.0),18/03/22 23:00:00,A,NABS08,MIO_EUR,ES,2020,472.57,
ESTAT:SDG_02_30(1.0),18/03/22 23:00:00,A,NABS08,MIO_EUR,EU27_2020,2004,2131.181,e
ESTAT:SDG_02_30(1.0),18/03/22 23:00:00,A,NABS08,MIO_EUR,EU27_2020,2005,2267.562,e
ESTAT:SDG_02_30(1.0),18/03/22 23:00:00,A,NABS08,MIO_EUR,EU27_2020,2006,2411.839,e
ESTAT:SDG_02_30(1.0),18/03/22 23:00:00,A,NABS08,MIO_EUR,EU27_2020,2007,2734.422,e
ESTAT:SDG_02_30(1.0),18/03/22 23:00:00,A,NABS08,MIO_EUR,EU27_2020,2008,2923.589,e
ESTAT:SDG_02_30(1.0),18/03/22 23:00:00,A,NABS08,MIO_EUR,EU27_2020,2009,2772.683,e
ESTAT:SDG_02_30(1.0),18/03/22 23:00:00,A,NABS08,MIO_EUR,EU27_2020,2010,2857.224,e
ESTAT:SDG_02_30(1.0),18/03/22 23:00:00,A,NABS08,MIO_EUR,EU27_2020,2011,2874.164,e
ESTAT:SDG_02_30(1.0),18/03/22 23:00:00,A,NABS08,MIO_EUR,EU27_2020,2012,2481.048,e
ESTAT:SDG_02_30(1.0),18/03/22 23:00:00,A,NABS08,MIO_EUR,EU27_2020,2013,2571.766,e
ESTAT:SDG_02_30(1.0),18/03/22 23:00:00,A,NABS08,MIO_EUR,EU27_2020,2014,2532.504,e
ESTAT:SDG_02_30(1.0),18/03/22 23:00:00,A,NABS08,MIO_EUR,EU27_2020,2015,2605.015,e
ESTAT:SDG_02_30(1.0),18/03/22 23:00:00,A,NABS08,MIO_EUR,EU27_2020,2016,2673.245,e
ESTAT:SDG_02_30(1.0),18/03/22 23:00:00,A,NABS08,MIO_EUR,EU27_2020,2017,2758.072,e
ESTAT:SDG_02_30(1.0),18/03/22 23:00:00,A,NABS08,MIO_EUR,EU27_2020,2018,2867.069,e
ESTAT:SDG_02_30(1.0),18/03/22 23:00:00,A,NABS08,MIO_EUR,EU27_2020,2019,2962.664,e
ESTAT:SDG_02_30(1.0),18/03/22 23:00:00,A,NABS08,MIO_EUR,EU27_2020,2020,3217.266,e
ESTAT:SDG_02_30(1.0),18/03/22 23:00:00,A,NABS08,MIO_EUR,FI,2004,92.06,
ESTAT:SDG_02_30(1.0),18/03/22 23:00:00,A,NABS08,MIO_EUR,FI,2005,95.397,
ESTAT:SDG_02_30(1.0),18/03/22 23:00:00,A,NABS08,MIO_EUR,FI,2006,97.934,
ESTAT:SDG_02_30(1.0),18/03/22 23:00:00,A,NABS08,MIO_EUR,FI,2007,101.138,
ESTAT:SDG_02_30(1.0),18/03/22 23:00:00,A,NABS08,MIO_EUR,FI,2008,98.45,
ESTAT:SDG_02_30(1.0),18/03/22 23:00:00,A,NABS08,MIO_EUR,FI,2009,100.635,
ESTAT:SDG_02_30(1.0),18/03/22 23:00:00,A,NABS08,MIO_EUR,FI,2010,99.51,
ESTAT:SDG_02_30(1.0),18/03/22 23:00:00,A,NABS08,MIO_EUR,FI,2011,96.999,
ESTAT:SDG_02_30(1.0),18/03/22 23:00:00,A,NABS08,MIO_EUR,FI,2012,99.243,
ESTAT:SDG_02_30(1.0),18/03/22 23:00:00,A,NABS08,MIO_EUR,FI,2013,96.568,
ESTAT:SDG_02_30(1.0),18/03/22 23:00:00,A,NABS08,MIO_EUR,FI,2014,94,
ESTAT:SDG_02_30(1.0),18/03/22 23:00:00,A,NABS08,MIO_EUR,FI,2015,96.65,
ESTAT:SDG_02_30(1.0),18/03/22 23:00:00,A,NABS08,MIO_EUR,FI,2016,76.28,
ESTAT:SDG_02_30(1.0),18/03/22 23:00:00,A,NABS08,MIO_EUR,FI,2017,72.79,
ESTAT:SDG_02_30(1.0),18/03/22 23:00:00,A,NABS08,MIO_EUR,FI,2018,56.8,
ESTAT:SDG_02_30(1.0),18/03/22 23:00:00,A,NABS08,MIO_EUR,FI,2019,57.1,
ESTAT:SDG_02_30(1.0),18/03/22 23:00:00,A,NABS08,MIO_EUR,FI,2020,60.2,
ESTAT:SDG_02_30(1.0),18/03/22 23:00:00,A,NABS08,MIO_EUR,FR,2004,340.5,d
ESTAT:SDG_02_30(1.0),18/03/22 23:00:00,A,NABS08,MIO_EUR,FR,2005,362.84,d
ESTAT:SDG_02_30(1.0),18/03/22 23:00:00,A,NABS08,MIO_EUR,FR,2006,220.578,d
ESTAT:SDG_02_30(1.0),18/03/22 23:00:00,A,NABS08,MIO_EUR,FR,2007,236.989,d
ESTAT:SDG_02_30(1.0),18/03/22 23:00:00,A,NABS08,MIO_EUR,FR,2008,269,d
ESTAT:SDG_02_30(1.0),18/03/22 23:00:00,A,NABS08,MIO_EUR,FR,2009,289.3,d
ESTAT:SDG_02_30(1.0),18/03/22 23:00:00,A,NABS08,MIO_EUR,FR,2010,312.1,d
ESTAT:SDG_02_30(1.0),18/03/22 23:00:00,A,NABS08,MIO_EUR,FR,2011,368,d
ESTAT:SDG_02_30(1.0),18/03/22 23:00:00,A,NABS08,MIO_EUR,FR,2012,287.691,d
ESTAT:SDG_02_30(1.0),18/03/22 23:00:00,A,NABS08,MIO_EUR,FR,2013,306.515,d
ESTAT:SDG_02_30(1.0),18/03/22 23:00:00,A,NABS08,MIO_EUR,FR,2014,353.152,d
ESTAT:SDG_02_30(1.0),18/03/22 23:00:00,A,NABS08,MIO_EUR,FR,2015,391.358,d
ESTAT:SDG_02_30(1.0),18/03/22 23:00:00,A,NABS08,MIO_EUR,FR,2016,402.239,e
ESTAT:SDG_02_30(1.0),18/03/22 23:00:00,A,NABS08,MIO_EUR,FR,2017,458.966,e
ESTAT:SDG_02_30(1.0),18/03/22 23:00:00,A,NABS08,MIO_EUR,FR,2018,397.093,e
ESTAT:SDG_02_30(1.0),18/03/22 23:00:00,A,NABS08,MIO_EUR,FR,2019,362.225,e
ESTAT:SDG_02_30(1.0),18/03/22 23:00:00,A,NABS08,MIO_EUR,FR,2020,369.53,e
ESTAT:SDG_02_30(1.0),18/03/22 23:00:00,A,NABS08,MIO_EUR,HR,2008,3.198,
ESTAT:SDG_02_30(1.0),18/03/22 23:00:00,A,NABS08,MIO_EUR,HR,2009,2.271,
ESTAT:SDG_02_30(1.0),18/03/22 23:00:00,A,NABS08,MIO_EUR,HR,2010,2.516,
ESTAT:SDG_02_30(1.0),18/03/22 23:00:00,A,NABS08,MIO_EUR,HR,2011,3.49,
ESTAT:SDG_02_30(1.0),18/03/22 23:00:00,A,NABS08,MIO_EUR,HR,2012,2.323,
ESTAT:SDG_02_30(1.0),18/03/22 23:00:00,A,NABS08,MIO_EUR,HR,2013,0.943,
ESTAT:SDG_02_30(1.0),18/03/22 23:00:00,A,NABS08,MIO_EUR,HR,2014,6.497,
ESTAT:SDG_02_30(1.0),18/03/22 23:00:00,A,NABS08,MIO_EUR,HR,2015,4.55,
ESTAT:SDG_02_30(1.0),18/03/22 23:00:00,A,NABS08,MIO_EUR,HR,2016,8.417,
ESTAT:SDG_02_30(1.0),18/03/22 23:00:00,A,NABS08,MIO_EUR,HR,2017,10.828,
ESTAT:SDG_02_30(1.0),18/03/22 23:00:00,A,NABS08,MIO_EUR,HR,2018,8.004,
ESTAT:SDG_02_30(1.0),18/03/22 23:00:00,A,NABS08,MIO_EUR,HR,2019,11.402,
ESTAT:SDG_02_30(1.0),18/03/22 23:00:00,A,NABS08,MIO_EUR,HR,2020,10.84,
ESTAT:SDG_02_30(1.0),18/03/22 23:00:00,A,NABS08,MIO_EUR,HU,2005,55.018,
ESTAT:SDG_02_30(1.0),18/03/22 23:00:00,A,NABS08,MIO_EUR,HU,2006,46.859,
ESTAT:SDG_02_30(1.0),18/03/22 23:00:00,A,NABS08,MIO_EUR,HU,2007,36.433,e
ESTAT:SDG_02_30(1.0),18/03/22 23:00:00,A,NABS08,MIO_EUR,HU,2008,42.284,
ESTAT:SDG_02_30(1.0),18/03/22 23:00:00,A,NABS08,MIO_EUR,HU,2009,36.861,
ESTAT:SDG_02_30(1.0),18/03/22 23:00:00,A,NABS08,MIO_EUR,HU,2010,18.76,
ESTAT:SDG_02_30(1.0),18/03/22 23:00:00,A,NABS08,MIO_EUR,HU,2011,9.141,
ESTAT:SDG_02_30(1.0),18/03/22 23:00:00,A,NABS08,MIO_EUR,HU,2012,19.113,
ESTAT:SDG_02_30(1.0),18/03/22 23:00:00,A,NABS08,MIO_EUR,HU,2013,54.017,d
ESTAT:SDG_02_30(1.0),18/03/22 23:00:00,A,NABS08,MIO_EUR,HU,2014,15.97,
ESTAT:SDG_02_30(1.0),18/03/22 23:00:00,A,NABS08,MIO_EUR,HU,2015,16.863,
ESTAT:SDG_02_30(1.0),18/03/22 23:00:00,A,NABS08,MIO_EUR,HU,2016,31.968,
ESTAT:SDG_02_30(1.0),18/03/22 23:00:00,A,NABS08,MIO_EUR,HU,2017,35.698,
ESTAT:SDG_02_30(1.0),18/03/22 23:00:00,A,NABS08,MIO_EUR,HU,2018,35.747,
ESTAT:SDG_02_30(1.0),18/03/22 23:00:00,A,NABS08,MIO_EUR,HU,2019,38.753,
ESTAT:SDG_02_30(1.0),18/03/22 23:00:00,A,NABS08,MIO_EUR,HU,2020,51.613,
ESTAT:SDG_02_30(1.0),18/03/22 23:00:00,A,NABS08,MIO_EUR,IE,2004,71.8,
ESTAT:SDG_02_30(1.0),18/03/22 23:00:00,A,NABS08,MIO_EUR,IE,2005,90.4,
ESTAT:SDG_02_30(1.0),18/03/22 23:00:00,A,NABS08,MIO_EUR,IE,2006,80.7,
ESTAT:SDG_02_30(1.0),18/03/22 23:00:00,A,NABS08,MIO_EUR,IE,2007,101.3,
ESTAT:SDG_02_30(1.0),18/03/22 23:00:00,A,NABS08,MIO_EUR,IE,2008,103.9,
ESTAT:SDG_02_30(1.0),18/03/22 23:00:00,A,NABS08,MIO_EUR,IE,2009,92.2,
ESTAT:SDG_02_30(1.0),18/03/22 23:00:00,A,NABS08,MIO_EUR,IE,2010,85.2,
ESTAT:SDG_02_30(1.0),18/03/22 23:00:00,A,NABS08,MIO_EUR,IE,2011,93.3,
ESTAT:SDG_02_30(1.0),18/03/22 23:00:00,A,NABS08,MIO_EUR,IE,2012,91.1,
ESTAT:SDG_02_30(1.0),18/03/22 23:00:00,A,NABS08,MIO_EUR,IE,2013,90.1,
ESTAT:SDG_02_30(1.0),18/03/22 23:00:00,A,NABS08,MIO_EUR,IE,2014,90.2,
ESTAT:SDG_02_30(1.0),18/03/22 23:00:00,A,NABS08,MIO_EUR,IE,2015,91,
ESTAT:SDG_02_30(1.0),18/03/22 23:00:00,A,NABS08,MIO_EUR,IE,2016,95.4,
ESTAT:SDG_02_30(1.0),18/03/22 23:00:00,A,NABS08,MIO_EUR,IE,2017,98.4,
ESTAT:SDG_02_30(1.0),18/03/22 23:00:00,A,NABS08,MIO_EUR,IE,2018,109.6,
ESTAT:SDG_02_30(1.0),18/03/22 23:00:00,A,NABS08,MIO_EUR,IE,2019,96.4,
ESTAT:SDG_02_30(1.0),18/03/22 23:00:00,A,NABS08,MIO_EUR,IE,2020,92.9,
ESTAT:SDG_02_30(1.0),18/03/22 23:00:00,A,NABS08,MIO_EUR,IS,2004,17.829,
ESTAT:SDG_02_30(1.0),18/03/22 23:00:00,A,NABS08,MIO_EUR,IS,2005,22.096,
ESTAT:SDG_02_30(1.0),18/03/22 23:00:00,A,NABS08,MIO_EUR,IS,2006,21.97,
ESTAT:SDG_02_30(1.0),18/03/22 23:00:00,A,NABS08,MIO_EUR,IS,2007,23.374,
ESTAT:SDG_02_30(1.0),18/03/22 23:00:00,A,NABS08,MIO_EUR,IS,2008,19.6,
ESTAT:SDG_02_30(1.0),18/03/22 23:00:00,A,NABS08,MIO_EUR,IS,2009,15.365,
ESTAT:SDG_02_30(1.0),18/03/22 23:00:00,A,NABS08,MIO_EUR,IS,2010,16.122,
ESTAT:SDG_02_30(1.0),18/03/22 23:00:00,A,NABS08,MIO_EUR,IS,2011,20.698,
ESTAT:SDG_02_30(1.0),18/03/22 23:00:00,A,NABS08,MIO_EUR,IS,2012,22.373,
ESTAT:SDG_02_30(1.0),18/03/22 23:00:00,A,NABS08,MIO_EUR,IS,2013,18.272,
ESTAT:SDG_02_30(1.0),18/03/22 23:00:00,A,NABS08,MIO_EUR,IS,2014,3.377,u
ESTAT:SDG_02_30(1.0),18/03/22 23:00:00,A,NABS08,MIO_EUR,IS,2015,4.381,u
ESTAT:SDG_02_30(1.0),18/03/22 23:00:00,A,NABS08,MIO_EUR,IS,2016,5.577,u
ESTAT:SDG_02_30(1.0),18/03/22 23:00:00,A,NABS08,MIO_EUR,IS,2017,17.521,u
ESTAT:SDG_02_30(1.0),18/03/22 23:00:00,A,NABS08,MIO_EUR,IS,2018,9.453,u
ESTAT:SDG_02_30(1.0),18/03/22 23:00:00,A,NABS08,MIO_EUR,IS,2019,6.243,u
ESTAT:SDG_02_30(1.0),18/03/22 23:00:00,A,NABS08,MIO_EUR,IT,2005,326.03,
ESTAT:SDG_02_30(1.0),18/03/22 23:00:00,A,NABS08,MIO_EUR,IT,2006,364.53,
ESTAT:SDG_02_30(1.0),18/03/22 23:00:00,A,NABS08,MIO_EUR,IT,2007,433.3,
ESTAT:SDG_02_30(1.0),18/03/22 23:00:00,A,NABS08,MIO_EUR,IT,2008,440.706,
ESTAT:SDG_02_30(1.0),18/03/22 23:00:00,A,NABS08,MIO_EUR,IT,2009,335.3,
ESTAT:SDG_02_30(1.0),18/03/22 23:00:00,A,NABS08,MIO_EUR,IT,2010,334.4,
ESTAT:SDG_02_30(1.0),18/03/22 23:00:00,A,NABS08,MIO_EUR,IT,2011,311,
ESTAT:SDG_02_30(1.0),18/03/22 23:00:00,A,NABS08,MIO_EUR,IT,2012,268.4,
ESTAT:SDG_02_30(1.0),18/03/22 23:00:00,A,NABS08,MIO_EUR,IT,2013,285.7,
ESTAT:SDG_02_30(1.0),18/03/22 23:00:00,A,NABS08,MIO_EUR,IT,2014,268.8,
ESTAT:SDG_02_30(1.0),18/03/22 23:00:00,A,NABS08,MIO_EUR,IT,2015,243.8,
ESTAT:SDG_02_30(1.0),18/03/22 23:00:00,A,NABS08,MIO_EUR,IT,2016,274.8,
ESTAT:SDG_02_30(1.0),18/03/22 23:00:00,A,NABS08,MIO_EUR,IT,2017,262.025,
ESTAT:SDG_02_30(1.0),18/03/22 23:00:00,A,NABS08,MIO_EUR,IT,2018,297.752,
ESTAT:SDG_02_30(1.0),18/03/22 23:00:00,A,NABS08,MIO_EUR,IT,2019,307.117,
ESTAT:SDG_02_30(1.0),18/03/22 23:00:00,A,NABS08,MIO_EUR,IT,2020,296.99,
ESTAT:SDG_02_30(1.0),18/03/22 23:00:00,A,NABS08,MIO_EUR,JP,2004,885.466,d
ESTAT:SDG_02_30(1.0),18/03/22 23:00:00,A,NABS08,MIO_EUR,JP,2005,870.311,d
ESTAT:SDG_02_30(1.0),18/03/22 23:00:00,A,NABS08,MIO_EUR,JP,2006,828.571,d
ESTAT:SDG_02_30(1.0),18/03/22 23:00:00,A,NABS08,MIO_EUR,JP,2007,800.167,d
ESTAT:SDG_02_30(1.0),18/03/22 23:00:00,A,NABS08,MIO_EUR,JP,2008,863.136,d
ESTAT:SDG_02_30(1.0),18/03/22 23:00:00,A,NABS08,MIO_EUR,JP,2009,1035.86,d
ESTAT:SDG_02_30(1.0),18/03/22 23:00:00,A,NABS08,MIO_EUR,JP,2010,1076.024,d
ESTAT:SDG_02_30(1.0),18/03/22 23:00:00,A,NABS08,MIO_EUR,JP,2011,1025.361,d
ESTAT:SDG_02_30(1.0),18/03/22 23:00:00,A,NABS08,MIO_EUR,JP,2012,1028.022,d
ESTAT:SDG_02_30(1.0),18/03/22 23:00:00,A,NABS08,MIO_EUR,JP,2013,767.762,d
ESTAT:SDG_02_30(1.0),18/03/22 23:00:00,A,NABS08,MIO_EUR,JP,2014,753.417,d
ESTAT:SDG_02_30(1.0),18/03/22 23:00:00,A,NABS08,MIO_EUR,JP,2015,770.069,d
ESTAT:SDG_02_30(1.0),18/03/22 23:00:00,A,NABS08,MIO_EUR,JP,2016,1099.638,bd
ESTAT:SDG_02_30(1.0),18/03/22 23:00:00,A,NABS08,MIO_EUR,JP,2017,1030.954,d
ESTAT:SDG_02_30(1.0),18/03/22 23:00:00,A,NABS08,MIO_EUR,JP,2018,1326.758,d
ESTAT:SDG_02_30(1.0),18/03/22 23:00:00,A,NABS08,MIO_EUR,JP,2019,1690.987,d
ESTAT:SDG_02_30(1.0),18/03/22 23:00:00,A,NABS08,MIO_EUR,JP,2020,1729.291,dp
ESTAT:SDG_02_30(1.0),18/03/22 23:00:00,A,NABS08,MIO_EUR,KR,2004,352.519,
ESTAT:SDG_02_30(1.0),18/03/22 23:00:00,A,NABS08,MIO_EUR,KR,2005,398.82,b
ESTAT:SDG_02_30(1.0),18/03/22 23:00:00,A,NABS08,MIO_EUR,KR,2006,475.646,
ESTAT:SDG_02_30(1.0),18/03/22 23:00:00,A,NABS08,MIO_EUR,KR,2007,439.075,
ESTAT:SDG_02_30(1.0),18/03/22 23:00:00,A,NABS08,MIO_EUR,KR,2008,392.363,be
ESTAT:SDG_02_30(1.0),18/03/22 23:00:00,A,NABS08,MIO_EUR,KR,2009,443.076,e
ESTAT:SDG_02_30(1.0),18/03/22 23:00:00,A,NABS08,MIO_EUR,KR,2010,484.301,e
ESTAT:SDG_02_30(1.0),18/03/22 23:00:00,A,NABS08,MIO_EUR,KR,2011,478.757,e
ESTAT:SDG_02_30(1.0),18/03/22 23:00:00,A,NABS08,MIO_EUR,KR,2012,608.258,
ESTAT:SDG_02_30(1.0),18/03/22 23:00:00,A,NABS08,MIO_EUR,KR,2013,635.658,
ESTAT:SDG_02_30(1.0),18/03/22 23:00:00,A,NABS08,MIO_EUR,KR,2014,670.278,
ESTAT:SDG_02_30(1.0),18/03/22 23:00:00,A,NABS08,MIO_EUR,KR,2015,782.225,
ESTAT:SDG_02_30(1.0),18/03/22 23:00:00,A,NABS08,MIO_EUR,KR,2016,839.781,
ESTAT:SDG_02_30(1.0),18/03/22 23:00:00,A,NABS08,MIO_EUR,KR,2017,846.479,
ESTAT:SDG_02_30(1.0),18/03/22 23:00:00,A,NABS08,MIO_EUR,KR,2018,799.336,
ESTAT:SDG_02_30(1.0),18/03/22 23:00:00,A,NABS08,MIO_EUR,KR,2019,808.749,
ESTAT:SDG_02_30(1.0),18/03/22 23:00:00,A,NABS08,MIO_EUR,LT,2004,12.595,
ESTAT:SDG_02_30(1.0),18/03/22 23:00:00,A,NABS08,MIO_EUR,LT,2005,12.951,
ESTAT:SDG_02_30(1.0),18/03/22 23:00:00,A,NABS08,MIO_EUR,LT,2006,6.517,
ESTAT:SDG_02_30(1.0),18/03/22 23:00:00,A,NABS08,MIO_EUR,LT,2007,6.872,b
ESTAT:SDG_02_30(1.0),18/03/22 23:00:00,A,NABS08,MIO_EUR,LT,2008,8.569,
ESTAT:SDG_02_30(1.0),18/03/22 23:00:00,A,NABS08,MIO_EUR,LT,2009,7.053,
ESTAT:SDG_02_30(1.0),18/03/22 23:00:00,A,NABS08,MIO_EUR,LT,2010,5.494,
ESTAT:SDG_02_30(1.0),18/03/22 23:00:00,A,NABS08,MIO_EUR,LT,2011,6.2,
ESTAT:SDG_02_30(1.0),18/03/22 23:00:00,A,NABS08,MIO_EUR,LT,2012,6.019,
ESTAT:SDG_02_30(1.0),18/03/22 23:00:00,A,NABS08,MIO_EUR,LT,2013,6.658,
ESTAT:SDG_02_30(1.0),18/03/22 23:00:00,A,NABS08,MIO_EUR,LT,2014,7.183,
ESTAT:SDG_02_30(1.0),18/03/22 23:00:00,A,NABS08,MIO_EUR,LT,2015,7.697,
ESTAT:SDG_02_30(1.0),18/03/22 23:00:00,A,NABS08,MIO_EUR,LT,2016,7.708,
ESTAT:SDG_02_30(1.0),18/03/22 23:00:00,A,NABS08,MIO_EUR,LT,2017,8.223,
ESTAT:SDG_02_30(1.0),18/03/22 23:00:00,A,NABS08,MIO_EUR,LT,2018,8.59,
ESTAT:SDG_02_30(1.0),18/03/22 23:00:00,A,NABS08,MIO_EUR,LT,2019,8.878,
ESTAT:SDG_02_30(1.0),18/03/22 23:00:00,A,NABS08,MIO_EUR,LT,2020,10.185,
ESTAT:SDG_02_30(1.0),18/03/22 23:00:00,A,NABS08,MIO_EUR,LU,2004,0.034,
ESTAT:SDG_02_30(1.0),18/03/22 23:00:00,A,NABS08,MIO_EUR,LU,2005,0.002,
ESTAT:SDG_02_30(1.0),18/03/22 23:00:00,A,NABS08,MIO_EUR,LU,2006,0.056,
ESTAT:SDG_02_30(1.0),18/03/22 23:00:00,A,NABS08,MIO_EUR,LU,2007,0.031,
ESTAT:SDG_02_30(1.0),18/03/22 23:00:00,A,NABS08,MIO_EUR,LU,2008,0.051,
ESTAT:SDG_02_30(1.0),18/03/22 23:00:00,A,NABS08,MIO_EUR,LU,2009,0.036,
ESTAT:SDG_02_30(1.0),18/03/22 23:00:00,A,NABS08,MIO_EUR,LU,2010,0.588,
ESTAT:SDG_02_30(1.0),18/03/22 23:00:00,A,NABS08,MIO_EUR,LU,2011,0.64,
ESTAT:SDG_02_30(1.0),18/03/22 23:00:00,A,NABS08,MIO_EUR,LU,2012,0.497,
ESTAT:SDG_02_30(1.0),18/03/22 23:00:00,A,NABS08,MIO_EUR,LU,2013,0.295,
ESTAT:SDG_02_30(1.0),18/03/22 23:00:00,A,NABS08,MIO_EUR,LU,2014,0.255,
ESTAT:SDG_02_30(1.0),18/03/22 23:00:00,A,NABS08,MIO_EUR,LU,2015,0.147,
ESTAT:SDG_02_30(1.0),18/03/22 23:00:00,A,NABS08,MIO_EUR,LU,2016,0.138,
ESTAT:SDG_02_30(1.0),18/03/22 23:00:00,A,NABS08,MIO_EUR,LU,2017,0.222,
ESTAT:SDG_02_30(1.0),18/03/22 23:00:00,A,NABS08,MIO_EUR,LU,2018,0.143,
ESTAT:SDG_02_30(1.0),18/03/22 23:00:00,A,NABS08,MIO_EUR,LU,2019,0.203,
ESTAT:SDG_02_30(1.0),18/03/22 23:00:00,A,NABS08,MIO_EUR,LU,2020,0.277,
ESTAT:SDG_02_30(1.0),18/03/22 23:00:00,A,NABS08,MIO_EUR,LV,2005,1.867,
ESTAT:SDG_02_30(1.0),18/03/22 23:00:00,A,NABS08,MIO_EUR,LV,2006,8.618,
ESTAT:SDG_02_30(1.0),18/03/22 23:00:00,A,NABS08,MIO_EUR,LV,2007,9.427,
ESTAT:SDG_02_30(1.0),18/03/22 23:00:00,A,NABS08,MIO_EUR,LV,2008,12.38,
ESTAT:SDG_02_30(1.0),18/03/22 23:00:00,A,NABS08,MIO_EUR,LV,2009,6.093,
ESTAT:SDG_02_30(1.0),18/03/22 23:00:00,A,NABS08,MIO_EUR,LV,2010,4.515,
ESTAT:SDG_02_30(1.0),18/03/22 23:00:00,A,NABS08,MIO_EUR,LV,2011,2.69,
ESTAT:SDG_02_30(1.0),18/03/22 23:00:00,A,NABS08,MIO_EUR,LV,2012,4.876,
ESTAT:SDG_02_30(1.0),18/03/22 23:00:00,A,NABS08,MIO_EUR,LV,2013,5.28,
ESTAT:SDG_02_30(1.0),18/03/22 23:00:00,A,NABS08,MIO_EUR,LV,2014,6.9,
ESTAT:SDG_02_30(1.0),18/03/22 23:00:00,A,NABS08,MIO_EUR,LV,2015,8.7,
ESTAT:SDG_02_30(1.0),18/03/22 23:00:00,A,NABS08,MIO_EUR,LV,2016,11,
ESTAT:SDG_02_30(1.0),18/03/22 23:00:00,A,NABS08,MIO_EUR,LV,2017,6.1,
ESTAT:SDG_02_30(1.0),18/03/22 23:00:00,A,NABS08,MIO_EUR,LV,2018,7.2,
ESTAT:SDG_02_30(1.0),18/03/22 23:00:00,A,NABS08,MIO_EUR,LV,2019,11.7,
ESTAT:SDG_02_30(1.0),18/03/22 23:00:00,A,NABS08,MIO_EUR,LV,2020,10.9,
ESTAT:SDG_02_30(1.0),18/03/22 23:00:00,A,NABS08,MIO_EUR,MT,2004,0.151,
ESTAT:SDG_02_30(1.0),18/03/22 23:00:00,A,NABS08,MIO_EUR,MT,2005,0.498,
ESTAT:SDG_02_30(1.0),18/03/22 23:00:00,A,NABS08,MIO_EUR,MT,2006,0.29,
ESTAT:SDG_02_30(1.0),18/03/22 23:00:00,A,NABS08,MIO_EUR,MT,2007,0.099,
ESTAT:SDG_02_30(1.0),18/03/22 23:00:00,A,NABS08,MIO_EUR,MT,2008,0.468,
ESTAT:SDG_02_30(1.0),18/03/22 23:00:00,A,NABS08,MIO_EUR,MT,2009,0.503,
ESTAT:SDG_02_30(1.0),18/03/22 23:00:00,A,NABS08,MIO_EUR,MT,2010,0.375,
ESTAT:SDG_02_30(1.0),18/03/22 23:00:00,A,NABS08,MIO_EUR,MT,2011,0.395,
ESTAT:SDG_02_30(1.0),18/03/22 23:00:00,A,NABS08,MIO_EUR,MT,2012,0.401,
ESTAT:SDG_02_30(1.0),18/03/22 23:00:00,A,NABS08,MIO_EUR,MT,2013,0.528,
ESTAT:SDG_02_30(1.0),18/03/22 23:00:00,A,NABS08,MIO_EUR,MT,2014,0.468,
ESTAT:SDG_02_30(1.0),18/03/22 23:00:00,A,NABS08,MIO_EUR,MT,2015,0.709,
ESTAT:SDG_02_30(1.0),18/03/22 23:00:00,A,NABS08,MIO_EUR,MT,2016,0.281,
ESTAT:SDG_02_30(1.0),18/03/22 23:00:00,A,NABS08,MIO_EUR,MT,2017,0.267,
ESTAT:SDG_02_30(1.0),18/03/22 23:00:00,A,NABS08,MIO_EUR,MT,2018,1.116,
ESTAT:SDG_02_30(1.0),18/03/22 23:00:00,A,NABS08,MIO_EUR,MT,2019,1.492,
ESTAT:SDG_02_30(1.0),18/03/22 23:00:00,A,NABS08,MIO_EUR,MT,2020,1.206,
ESTAT:SDG_02_30(1.0),18/03/22 23:00:00,A,NABS08,MIO_EUR,NL,2004,208.529,
ESTAT:SDG_02_30(1.0),18/03/22 23:00:00,A,NABS08,MIO_EUR,NL,2005,215.979,
ESTAT:SDG_02_30(1.0),18/03/22 23:00:00,A,NABS08,MIO_EUR,NL,2006,208.375,
ESTAT:SDG_02_30(1.0),18/03/22 23:00:00,A,NABS08,MIO_EUR,NL,2007,202.019,
ESTAT:SDG_02_30(1.0),18/03/22 23:00:00,A,NABS08,MIO_EUR,NL,2008,237.257,
ESTAT:SDG_02_30(1.0),18/03/22 23:00:00,A,NABS08,MIO_EUR,NL,2009,164.939,
ESTAT:SDG_02_30(1.0),18/03/22 23:00:00,A,NABS08,MIO_EUR,NL,2010,175.504,
ESTAT:SDG_02_30(1.0),18/03/22 23:00:00,A,NABS08,MIO_EUR,NL,2011,162.847,
ESTAT:SDG_02_30(1.0),18/03/22 23:00:00,A,NABS08,MIO_EUR,NL,2012,148.167,
ESTAT:SDG_02_30(1.0),18/03/22 23:00:00,A,NABS08,MIO_EUR,NL,2013,149.466,
ESTAT:SDG_02_30(1.0),18/03/22 23:00:00,A,NABS08,MIO_EUR,NL,2014,167.262,
ESTAT:SDG_02_30(1.0),18/03/22 23:00:00,A,NABS08,MIO_EUR,NL,2015,99.884,
ESTAT:SDG_02_30(1.0),18/03/22 23:00:00,A,NABS08,MIO_EUR,NL,2016,104.84,
ESTAT:SDG_02_30(1.0),18/03/22 23:00:00,A,NABS08,MIO_EUR,NL,2017,104.247,
ESTAT:SDG_02_30(1.0),18/03/22 23:00:00,A,NABS08,MIO_EUR,NL,2018,123.981,
ESTAT:SDG_02_30(1.0),18/03/22 23:00:00,A,NABS08,MIO_EUR,NL,2019,141.561,
ESTAT:SDG_02_30(1.0),18/03/22 23:00:00,A,NABS08,MIO_EUR,NL,2020,219.017,
ESTAT:SDG_02_30(1.0),18/03/22 23:00:00,A,NABS08,MIO_EUR,NO,2004,136.074,
ESTAT:SDG_02_30(1.0),18/03/22 23:00:00,A,NABS08,MIO_EUR,NO,2005,146.382,
ESTAT:SDG_02_30(1.0),18/03/22 23:00:00,A,NABS08,MIO_EUR,NO,2006,159.31,
ESTAT:SDG_02_30(1.0),18/03/22 23:00:00,A,NABS08,MIO_EUR,NO,2007,168.552,
ESTAT:SDG_02_30(1.0),18/03/22 23:00:00,A,NABS08,MIO_EUR,NO,2008,164.95,
ESTAT:SDG_02_30(1.0),18/03/22 23:00:00,A,NABS08,MIO_EUR,NO,2009,173.79,
ESTAT:SDG_02_30(1.0),18/03/22 23:00:00,A,NABS08,MIO_EUR,NO,2010,189.261,
ESTAT:SDG_02_30(1.0),18/03/22 23:00:00,A,NABS08,MIO_EUR,NO,2011,203.39,
ESTAT:SDG_02_30(1.0),18/03/22 23:00:00,A,NABS08,MIO_EUR,NO,2012,217.134,
ESTAT:SDG_02_30(1.0),18/03/22 23:00:00,A,NABS08,MIO_EUR,NO,2013,240.689,
ESTAT:SDG_02_30(1.0),18/03/22 23:00:00,A,NABS08,MIO_EUR,NO,2014,257.561,
ESTAT:SDG_02_30(1.0),18/03/22 23:00:00,A,NABS08,MIO_EUR,NO,2015,275.372,
ESTAT:SDG_02_30(1.0),18/03/22 23:00:00,A,NABS08,MIO_EUR,NO,2016,261.268,
ESTAT:SDG_02_30(1.0),18/03/22 23:00:00,A,NABS08,MIO_EUR,NO,2017,341.01,
ESTAT:SDG_02_30(1.0),18/03/22 23:00:00,A,NABS08,MIO_EUR,NO,2018,261.693,
ESTAT:SDG_02_30(1.0),18/03/22 23:00:00,A,NABS08,MIO_EUR,NO,2019,256.743,
ESTAT:SDG_02_30(1.0),18/03/22 23:00:00,A,NABS08,MIO_EUR,NO,2020,262.422,
ESTAT:SDG_02_30(1.0),18/03/22 23:00:00,A,NABS08,MIO_EUR,PL,2004,2.783,
ESTAT:SDG_02_30(1.0),18/03/22 23:00:00,A,NABS08,MIO_EUR,PL,2005,9.471,
ESTAT:SDG_02_30(1.0),18/03/22 23:00:00,A,NABS08,MIO_EUR,PL,2006,5.955,
ESTAT:SDG_02_30(1.0),18/03/22 23:00:00,A,NABS08,MIO_EUR,PL,2007,19.029,
ESTAT:SDG_02_30(1.0),18/03/22 23:00:00,A,NABS08,MIO_EUR,PL,2008,21.383,
ESTAT:SDG_02_30(1.0),18/03/22 23:00:00,A,NABS08,MIO_EUR,PL,2012,66.552,b
ESTAT:SDG_02_30(1.0),18/03/22 23:00:00,A,NABS08,MIO_EUR,PL,2013,69.946,
ESTAT:SDG_02_30(1.0),18/03/22 23:00:00,A,NABS08,MIO_EUR,PL,2014,55.111,
ESTAT:SDG_02_30(1.0),18/03/22 23:00:00,A,NABS08,MIO_EUR,PL,2015,59.033,
ESTAT:SDG_02_30(1.0),18/03/22 23:00:00,A,NABS08,MIO_EUR,PL,2016,53.149,
ESTAT:SDG_02_30(1.0),18/03/22 23:00:00,A,NABS08,MIO_EUR,PL,2017,56.26,
ESTAT:SDG_02_30(1.0),18/03/22 23:00:00,A,NABS08,MIO_EUR,PL,2018,65.001,
ESTAT:SDG_02_30(1.0),18/03/22 23:00:00,A,NABS08,MIO_EUR,PL,2019,97.31,
ESTAT:SDG_02_30(1.0),18/03/22 23:00:00,A,NABS08,MIO_EUR,PL,2020,145.015,
ESTAT:SDG_02_30(1.0),18/03/22 23:00:00,A,NABS08,MIO_EUR,PT,2004,16.48,
ESTAT:SDG_02_30(1.0),18/03/22 23:00:00,A,NABS08,MIO_EUR,PT,2005,18.83,
ESTAT:SDG_02_30(1.0),18/03/22 23:00:00,A,NABS08,MIO_EUR,PT,2006,17.77,
ESTAT:SDG_02_30(1.0),18/03/22 23:00:00,A,NABS08,MIO_EUR,PT,2007,24.2,
ESTAT:SDG_02_30(1.0),18/03/22 23:00:00,A,NABS08,MIO_EUR,PT,2008,27.78,
ESTAT:SDG_02_30(1.0),18/03/22 23:00:00,A,NABS08,MIO_EUR,PT,2009,33.43,
ESTAT:SDG_02_30(1.0),18/03/22 23:00:00,A,NABS08,MIO_EUR,PT,2010,31.41,
ESTAT:SDG_02_30(1.0),18/03/22 23:00:00,A,NABS08,MIO_EUR,PT,2011,26.12,
ESTAT:SDG_02_30(1.0),18/03/22 23:00:00,A,NABS08,MIO_EUR,PT,2012,9.93,
ESTAT:SDG_02_30(1.0),18/03/22 23:00:00,A,NABS08,MIO_EUR,PT,2013,17.12,
ESTAT:SDG_02_30(1.0),18/03/22 23:00:00,A,NABS08,MIO_EUR,PT,2014,17.67,
ESTAT:SDG_02_30(1.0),18/03/22 23:00:00,A,NABS08,MIO_EUR,PT,2015,18.43,
ESTAT:SDG_02_30(1.0),18/03/22 23:00:00,A,NABS08,MIO_EUR,PT,2016,18.56,
ESTAT:SDG_02_30(1.0),18/03/22 23:00:00,A,NABS08,MIO_EUR,PT,2017,17.823,
ESTAT:SDG_02_30(1.0),18/03/22 23:00:00,A,NABS08,MIO_EUR,PT,2018,18.774,
ESTAT:SDG_02_30(1.0),18/03/22 23:00:00,A,NABS08,MIO_EUR,PT,2019,17.674,
ESTAT:SDG_02_30(1.0),18/03/22 23:00:00,A,NABS08,MIO_EUR,PT,2020,17.169,
ESTAT:SDG_02_30(1.0),18/03/22 23:00:00,A,NABS08,MIO_EUR,RO,2004,7.437,
ESTAT:SDG_02_30(1.0),18/03/22 23:00:00,A,NABS08,MIO_EUR,RO,2005,7.475,
ESTAT:SDG_02_30(1.0),18/03/22 23:00:00,A,NABS08,MIO_EUR,RO,2006,29.015,
ESTAT:SDG_02_30(1.0),18/03/22 23:00:00,A,NABS08,MIO_EUR,RO,2007,29.743,
ESTAT:SDG_02_30(1.0),18/03/22 23:00:00,A,NABS08,MIO_EUR,RO,2008,50.016,
ESTAT:SDG_02_30(1.0),18/03/22 23:00:00,A,NABS08,MIO_EUR,RO,2009,27.737,
ESTAT:SDG_02_30(1.0),18/03/22 23:00:00,A,NABS08,MIO_EUR,RO,2010,59.518,
ESTAT:SDG_02_30(1.0),18/03/22 23:00:00,A,NABS08,MIO_EUR,RO,2011,38.822,
ESTAT:SDG_02_30(1.0),18/03/22 23:00:00,A,NABS08,MIO_EUR,RO,2012,30.005,
ESTAT:SDG_02_30(1.0),18/03/22 23:00:00,A,NABS08,MIO_EUR,RO,2013,14.573,b
ESTAT:SDG_02_30(1.0),18/03/22 23:00:00,A,NABS08,MIO_EUR,RO,2014,16.244,
ESTAT:SDG_02_30(1.0),18/03/22 23:00:00,A,NABS08,MIO_EUR,RO,2015,22.968,
ESTAT:SDG_02_30(1.0),18/03/22 23:00:00,A,NABS08,MIO_EUR,RO,2016,24.055,
ESTAT:SDG_02_30(1.0),18/03/22 23:00:00,A,NABS08,MIO_EUR,RO,2017,20.662,
ESTAT:SDG_02_30(1.0),18/03/22 23:00:00,A,NABS08,MIO_EUR,RO,2018,14.267,
ESTAT:SDG_02_30(1.0),18/03/22 23:00:00,A,NABS08,MIO_EUR,RO,2019,21.87,
ESTAT:SDG_02_30(1.0),18/03/22 23:00:00,A,NABS08,MIO_EUR,RO,2020,19.65,
ESTAT:SDG_02_30(1.0),18/03/22 23:00:00,A,NABS08,MIO_EUR,RS,2013,10.681,
ESTAT:SDG_02_30(1.0),18/03/22 23:00:00,A,NABS08,MIO_EUR,RS,2014,11.367,
ESTAT:SDG_02_30(1.0),18/03/22 23:00:00,A,NABS08,MIO_EUR,RS,2015,14.443,
ESTAT:SDG_02_30(1.0),18/03/22 23:00:00,A,NABS08,MIO_EUR,RS,2016,11.561,
ESTAT:SDG_02_30(1.0),18/03/22 23:00:00,A,NABS08,MIO_EUR,RS,2017,12.35,
ESTAT:SDG_02_30(1.0),18/03/22 23:00:00,A,NABS08,MIO_EUR,RS,2018,13.457,
ESTAT:SDG_02_30(1.0),18/03/22 23:00:00,A,NABS08,MIO_EUR,RS,2019,15.417,
ESTAT:SDG_02_30(1.0),18/03/22 23:00:00,A,NABS08,MIO_EUR,RS,2020,17.706,
ESTAT:SDG_02_30(1.0),18/03/22 23:00:00,A,NABS08,MIO_EUR,RU,2007,43.206,
ESTAT:SDG_02_30(1.0),18/03/22 23:00:00,A,NABS08,MIO_EUR,RU,2008,56.869,
ESTAT:SDG_02_30(1.0),18/03/22 23:00:00,A,NABS08,MIO_EUR,RU,2009,104.19,
ESTAT:SDG_02_30(1.0),18/03/22 23:00:00,A,NABS08,MIO_EUR,SE,2004,69.923,
ESTAT:SDG_02_30(1.0),18/03/22 23:00:00,A,NABS08,MIO_EUR,SE,2005,56.129,
ESTAT:SDG_02_30(1.0),18/03/22 23:00:00,A,NABS08,MIO_EUR,SE,2006,59.485,
ESTAT:SDG_02_30(1.0),18/03/22 23:00:00,A,NABS08,MIO_EUR,SE,2007,39.567,
ESTAT:SDG_02_30(1.0),18/03/22 23:00:00,A,NABS08,MIO_EUR,SE,2008,43.057,
ESTAT:SDG_02_30(1.0),18/03/22 23:00:00,A,NABS08,MIO_EUR,SE,2009,40.503,d
ESTAT:SDG_02_30(1.0),18/03/22 23:00:00,A,NABS08,MIO_EUR,SE,2010,47.183,d
ESTAT:SDG_02_30(1.0),18/03/22 23:00:00,A,NABS08,MIO_EUR,SE,2011,51.607,d
ESTAT:SDG_02_30(1.0),18/03/22 23:00:00,A,NABS08,MIO_EUR,SE,2012,58.134,d
ESTAT:SDG_02_30(1.0),18/03/22 23:00:00,A,NABS08,MIO_EUR,SE,2013,52.939,d
ESTAT:SDG_02_30(1.0),18/03/22 23:00:00,A,NABS08,MIO_EUR,SE,2014,53.745,d
ESTAT:SDG_02_30(1.0),18/03/22 23:00:00,A,NABS08,MIO_EUR,SE,2015,46.614,d
ESTAT:SDG_02_30(1.0),18/03/22 23:00:00,A,NABS08,MIO_EUR,SE,2016,51.854,e
ESTAT:SDG_02_30(1.0),18/03/22 23:00:00,A,NABS08,MIO_EUR,SE,2017,48.261,e
ESTAT:SDG_02_30(1.0),18/03/22 23:00:00,A,NABS08,MIO_EUR,SE,2018,42.795,e
ESTAT:SDG_02_30(1.0),18/03/22 23:00:00,A,NABS08,MIO_EUR,SE,2019,45.613,
ESTAT:SDG_02_30(1.0),18/03/22 23:00:00,A,NABS08,MIO_EUR,SE,2020,49.119,e
ESTAT:SDG_02_30(1.0),18/03/22 23:00:00,A,NABS08,MIO_EUR,SI,2004,3.802,
ESTAT:SDG_02_30(1.0),18/03/22 23:00:00,A,NABS08,MIO_EUR,SI,2005,5.372,
ESTAT:SDG_02_30(1.0),18/03/22 23:00:00,A,NABS08,MIO_EUR,SI,2006,3.919,
ESTAT:SDG_02_30(1.0),18/03/22 23:00:00,A,NABS08,MIO_EUR,SI,2007,7.467,
ESTAT:SDG_02_30(1.0),18/03/22 23:00:00,A,NABS08,MIO_EUR,SI,2008,7.679,
ESTAT:SDG_02_30(1.0),18/03/22 23:00:00,A,NABS08,MIO_EUR,SI,2009,8.068,
ESTAT:SDG_02_30(1.0),18/03/22 23:00:00,A,NABS08,MIO_EUR,SI,2010,8.174,
ESTAT:SDG_02_30(1.0),18/03/22 23:00:00,A,NABS08,MIO_EUR,SI,2011,9.159,
ESTAT:SDG_02_30(1.0),18/03/22 23:00:00,A,NABS08,MIO_EUR,SI,2012,7.497,
ESTAT:SDG_02_30(1.0),18/03/22 23:00:00,A,NABS08,MIO_EUR,SI,2013,6.968,
ESTAT:SDG_02_30(1.0),18/03/22 23:00:00,A,NABS08,MIO_EUR,SI,2014,6.759,
ESTAT:SDG_02_30(1.0),18/03/22 23:00:00,A,NABS08,MIO_EUR,SI,2015,5.97,
ESTAT:SDG_02_30(1.0),18/03/22 23:00:00,A,NABS08,MIO_EUR,SI,2016,6.919,
ESTAT:SDG_02_30(1.0),18/03/22 23:00:00,A,NABS08,MIO_EUR,SI,2017,9.193,
ESTAT:SDG_02_30(1.0),18/03/22 23:00:00,A,NABS08,MIO_EUR,SI,2018,12.398,
ESTAT:SDG_02_30(1.0),18/03/22 23:00:00,A,NABS08,MIO_EUR,SI,2019,9.982,
ESTAT:SDG_02_30(1.0),18/03/22 23:00:00,A,NABS08,MIO_EUR,SI,2020,12.522,
ESTAT:SDG_02_30(1.0),18/03/22 23:00:00,A,NABS08,MIO_EUR,SK,2004,10.244,
ESTAT:SDG_02_30(1.0),18/03/22 23:00:00,A,NABS08,MIO_EUR,SK,2005,12.435,
ESTAT:SDG_02_30(1.0),18/03/22 23:00:00,A,NABS08,MIO_EUR,SK,2006,10.832,
ESTAT:SDG_02_30(1.0),18/03/22 23:00:00,A,NABS08,MIO_EUR,SK,2007,10.322,
ESTAT:SDG_02_30(1.0),18/03/22 23:00:00,A,NABS08,MIO_EUR,SK,2008,10.703,
ESTAT:SDG_02_30(1.0),18/03/22 23:00:00,A,NABS08,MIO_EUR,SK,2009,11.462,
ESTAT:SDG_02_30(1.0),18/03/22 23:00:00,A,NABS08,MIO_EUR,SK,2010,13.525,
ESTAT:SDG_02_30(1.0),18/03/22 23:00:00,A,NABS08,MIO_EUR,SK,2011,17.827,
ESTAT:SDG_02_30(1.0),18/03/22 23:00:00,A,NABS08,MIO_EUR,SK,2012,9.747,
ESTAT:SDG_02_30(1.0),18/03/22 23:00:00,A,NABS08,MIO_EUR,SK,2013,12.017,
ESTAT:SDG_02_30(1.0),18/03/22 23:00:00,A,NABS08,MIO_EUR,SK,2014,9.714,
ESTAT:SDG_02_30(1.0),18/03/22 23:00:00,A,NABS08,MIO_EUR,SK,2015,10.561,
ESTAT:SDG_02_30(1.0),18/03/22 23:00:00,A,NABS08,MIO_EUR,SK,2016,9.575,
ESTAT:SDG_02_30(1.0),18/03/22 23:00:00,A,NABS08,MIO_EUR,SK,2017,12.495,
ESTAT:SDG_02_30(1.0),18/03/22 23:00:00,A,NABS08,MIO_EUR,SK,2018,11.298,
ESTAT:SDG_02_30(1.0),18/03/22 23:00:00,A,NABS08,MIO_EUR,SK,2019,15.727,
ESTAT:SDG_02_30(1.0),18/03/22 23:00:00,A,NABS08,MIO_EUR,SK,2020,15.639,
ESTAT:SDG_02_30(1.0),18/03/22 23:00:00,A,NABS08,MIO_EUR,TR,2008,39.459,
ESTAT:SDG_02_30(1.0),18/03/22 23:00:00,A,NABS08,MIO_EUR,TR,2009,64.838,
ESTAT:SDG_02_30(1.0),18/03/22 23:00:00,A,NABS08,MIO_EUR,TR,2010,57.253,
ESTAT:SDG_02_30(1.0),18/03/22 23:00:00,A,NABS08,MIO_EUR,TR,2011,62.674,
ESTAT:SDG_02_30(1.0),18/03/22 23:00:00,A,NABS08,MIO_EUR,TR,2012,57.709,
ESTAT:SDG_02_30(1.0),18/03/22 23:00:00,A,NABS08,MIO_EUR,TR,2013,50.45,
ESTAT:SDG_02_30(1.0),18/03/22 23:00:00,A,NABS08,MIO_EUR,TR,2014,44.1,
ESTAT:SDG_02_30(1.0),18/03/22 23:00:00,A,NABS08,MIO_EUR,TR,2015,84.401,
ESTAT:SDG_02_30(1.0),18/03/22 23:00:00,A,NABS08,MIO_EUR,TR,2016,71.064,
ESTAT:SDG_02_30(1.0),18/03/22 23:00:00,A,NABS08,MIO_EUR,TR,2017,66.127,
ESTAT:SDG_02_30(1.0),18/03/22 23:00:00,A,NABS08,MIO_EUR,TR,2018,52.046,
ESTAT:SDG_02_30(1.0),18/03/22 23:00:00,A,NABS08,MIO_EUR,TR,2019,44.393,
ESTAT:SDG_02_30(1.0),18/03/22 23:00:00,A,NABS08,MIO_EUR,TR,2020,41.51,
ESTAT:SDG_02_30(1.0),18/03/22 23:00:00,A,NABS08,MIO_EUR,UK,2004,409.901,
ESTAT:SDG_02_30(1.0),18/03/22 23:00:00,A,NABS08,MIO_EUR,UK,2005,398.947,
ESTAT:SDG_02_30(1.0),18/03/22 23:00:00,A,NABS08,MIO_EUR,UK,2006,416.166,
ESTAT:SDG_02_30(1.0),18/03/22 23:00:00,A,NABS08,MIO_EUR,UK,2007,364.314,
ESTAT:SDG_02_30(1.0),18/03/22 23:00:00,A,NABS08,MIO_EUR,UK,2008,315.961,
ESTAT:SDG_02_30(1.0),18/03/22 23:00:00,A,NABS08,MIO_EUR,UK,2009,379.167,
ESTAT:SDG_02_30(1.0),18/03/22 23:00:00,A,NABS08,MIO_EUR,UK,2010,357.892,
ESTAT:SDG_02_30(1.0),18/03/22 23:00:00,A,NABS08,MIO_EUR,UK,2011,412.029,
ESTAT:SDG_02_30(1.0),18/03/22 23:00:00,A,NABS08,MIO_EUR,UK,2012,466.765,
ESTAT:SDG_02_30(1.0),18/03/22 23:00:00,A,NABS08,MIO_EUR,UK,2013,475.921,
ESTAT:SDG_02_30(1.0),18/03/22 23:00:00,A,NABS08,MIO_EUR,UK,2014,421.04,
ESTAT:SDG_02_30(1.0),18/03/22 23:00:00,A,NABS08,MIO_EUR,UK,2015,482.227,
ESTAT:SDG_02_30(1.0),18/03/22 23:00:00,A,NABS08,MIO_EUR,UK,2016,448.81,
ESTAT:SDG_02_30(1.0),18/03/22 23:00:00,A,NABS08,MIO_EUR,UK,2017,472.225,
ESTAT:SDG_02_30(1.0),18/03/22 23:00:00,A,NABS08,MIO_EUR,UK,2018,416.978,
ESTAT:SDG_02_30(1.0),18/03/22 23:00:00,A,NABS08,MIO_EUR,UK,2019,399.066,
ESTAT:SDG_02_30(1.0),18/03/22 23:00:00,A,NABS08,MIO_EUR,US,2004,1982.394,
ESTAT:SDG_02_30(1.0),18/03/22 23:00:00,A,NABS08,MIO_EUR,US,2005,2126.678,
ESTAT:SDG_02_30(1.0),18/03/22 23:00:00,A,NABS08,MIO_EUR,US,2006,2126.633,
ESTAT:SDG_02_30(1.0),18/03/22 23:00:00,A,NABS08,MIO_EUR,US,2007,1696.534,
ESTAT:SDG_02_30(1.0),18/03/22 23:00:00,A,NABS08,MIO_EUR,US,2008,1585.532,
ESTAT:SDG_02_30(1.0),18/03/22 23:00:00,A,NABS08,MIO_EUR,US,2009,1884.858,b
ESTAT:SDG_02_30(1.0),18/03/22 23:00:00,A,NABS08,MIO_EUR,US,2010,1982.349,
ESTAT:SDG_02_30(1.0),18/03/22 23:00:00,A,NABS08,MIO_EUR,US,2011,1588.362,
ESTAT:SDG_02_30(1.0),18/03/22 23:00:00,A,NABS08,MIO_EUR,US,2012,1857.098,
ESTAT:SDG_02_30(1.0),18/03/22 23:00:00,A,NABS08,MIO_EUR,US,2013,1626.384,
ESTAT:SDG_02_30(1.0),18/03/22 23:00:00,A,NABS08,MIO_EUR,US,2014,1838.163,
ESTAT:SDG_02_30(1.0),18/03/22 23:00:00,A,NABS08,MIO_EUR,US,2015,2289.32,
ESTAT:SDG_02_30(1.0),18/03/22 23:00:00,A,NABS08,MIO_EUR,US,2016,2473.575,
ESTAT:SDG_02_30(1.0),18/03/22 23:00:00,A,NABS08,MIO_EUR,US,2017,2361.689,
ESTAT:SDG_02_30(1.0),18/03/22 23:00:00,A,NABS08,MIO_EUR,US,2018,2284.505,
ESTAT:SDG_02_30(1.0),18/03/22 23:00:00,A,NABS08,MIO_EUR,US,2019,2756.588,
ESTAT:SDG_02_30(1.0),18/03/22 23:00:00,A,NABS08,MIO_EUR,US,2020,2641.394,p
