"Statistic","Year","Type of Crop","UNIT","VALUE"
"Area under Crops","2008","Total wheat, oats and barley","000 Hectares","320.7"
"Area under Crops","2008","Total wheat","000 Hectares","110.7"
"Area under Crops","2008","Winter wheat","000 Hectares","87.5"
"Area under Crops","2008","Spring wheat","000 Hectares","23.2"
"Area under Crops","2008","Total oats","000 Hectares","22.9"
"Area under Crops","2008","Winter oats","000 Hectares","18.7"
"Area under Crops","2008","Spring oats","000 Hectares","4.2"
"Area under Crops","2008","Total barley","000 Hectares","187.2"
"Area under Crops","2008","Winter barley","000 Hectares","21.1"
"Area under Crops","2008","Spring barley","000 Hectares","166"
"Area under Crops","2008","Beans and peas","000 Hectares","2.5"
"Area under Crops","2008","Oilseed rape","000 Hectares","5.6"
"Area under Crops","2008","Potatoes","000 Hectares","11.2"
"Area under Crops","2009","Total wheat, oats and barley","000 Hectares","298.5"
"Area under Crops","2009","Total wheat","000 Hectares","84.5"
"Area under Crops","2009","Winter wheat","000 Hectares","64.3"
"Area under Crops","2009","Spring wheat","000 Hectares","20.2"
"Area under Crops","2009","Total oats","000 Hectares","20.4"
"Area under Crops","2009","Winter oats","000 Hectares","9.1"
"Area under Crops","2009","Spring oats","000 Hectares","11.3"
"Area under Crops","2009","Total barley","000 Hectares","193.6"
"Area under Crops","2009","Winter barley","000 Hectares","19.3"
"Area under Crops","2009","Spring barley","000 Hectares","174.3"
"Area under Crops","2009","Beans and peas","000 Hectares","4.2"
"Area under Crops","2009","Oilseed rape","000 Hectares","6.3"
"Area under Crops","2009","Potatoes","000 Hectares","12.2"
"Area under Crops","2010","Total wheat, oats and barley","000 Hectares","272.3"
"Area under Crops","2010","Total wheat","000 Hectares","77.8"
"Area under Crops","2010","Winter wheat","000 Hectares","59.8"
"Area under Crops","2010","Spring wheat","000 Hectares","18"
"Area under Crops","2010","Total oats","000 Hectares","19.7"
"Area under Crops","2010","Winter oats","000 Hectares","10.3"
"Area under Crops","2010","Spring oats","000 Hectares","9.4"
"Area under Crops","2010","Total barley","000 Hectares","174.8"
"Area under Crops","2010","Winter barley","000 Hectares","28.8"
"Area under Crops","2010","Spring barley","000 Hectares","146"
"Area under Crops","2010","Beans and peas","000 Hectares","4.6"
"Area under Crops","2010","Oilseed rape","000 Hectares","8"
"Area under Crops","2010","Potatoes","000 Hectares","12.2"
"Area under Crops","2011","Total wheat, oats and barley","000 Hectares","296.2"
"Area under Crops","2011","Total wheat","000 Hectares","94.2"
"Area under Crops","2011","Winter wheat","000 Hectares","77.7"
"Area under Crops","2011","Spring wheat","000 Hectares","16.4"
"Area under Crops","2011","Total oats","000 Hectares","21.4"
"Area under Crops","2011","Winter oats","000 Hectares","9"
"Area under Crops","2011","Spring oats","000 Hectares","12.4"
"Area under Crops","2011","Total barley","000 Hectares","180.6"
"Area under Crops","2011","Winter barley","000 Hectares","35.9"
"Area under Crops","2011","Spring barley","000 Hectares","144.8"
"Area under Crops","2011","Beans and peas","000 Hectares","2.9"
"Area under Crops","2011","Oilseed rape","000 Hectares","12.4"
"Area under Crops","2011","Potatoes","000 Hectares","10.4"
"Area under Crops","2012","Total wheat, oats and barley","000 Hectares","314.5"
"Area under Crops","2012","Total wheat","000 Hectares","98"
"Area under Crops","2012","Winter wheat","000 Hectares","84.6"
"Area under Crops","2012","Spring wheat","000 Hectares","13.5"
"Area under Crops","2012","Total oats","000 Hectares","23.7"
"Area under Crops","2012","Winter oats","000 Hectares","9.9"
"Area under Crops","2012","Spring oats","000 Hectares","13.8"
"Area under Crops","2012","Total barley","000 Hectares","192.8"
"Area under Crops","2012","Winter barley","000 Hectares","41"
"Area under Crops","2012","Spring barley","000 Hectares","151.8"
"Area under Crops","2012","Beans and peas","000 Hectares","4.1"
"Area under Crops","2012","Oilseed rape","000 Hectares","17.5"
"Area under Crops","2012","Potatoes","000 Hectares","9"
"Area under Crops","2013","Total wheat, oats and barley","000 Hectares","306.7"
"Area under Crops","2013","Total wheat","000 Hectares","60.6"
"Area under Crops","2013","Winter wheat","000 Hectares","45.4"
"Area under Crops","2013","Spring wheat","000 Hectares","15.2"
"Area under Crops","2013","Total oats","000 Hectares","26.7"
"Area under Crops","2013","Winter oats","000 Hectares","5.4"
"Area under Crops","2013","Spring oats","000 Hectares","21.3"
"Area under Crops","2013","Total barley","000 Hectares","219.4"
"Area under Crops","2013","Winter barley","000 Hectares","36"
"Area under Crops","2013","Spring barley","000 Hectares","183.5"
"Area under Crops","2013","Beans and peas","000 Hectares","4.5"
"Area under Crops","2013","Oilseed rape","000 Hectares","13.7"
"Area under Crops","2013","Potatoes","000 Hectares","10.7"
"Area under Crops","2014","Total wheat, oats and barley","000 Hectares","305.9"
"Area under Crops","2014","Total wheat","000 Hectares","71.6"
"Area under Crops","2014","Winter wheat","000 Hectares","65.1"
"Area under Crops","2014","Spring wheat","000 Hectares","6.5"
"Area under Crops","2014","Total oats","000 Hectares","18.6"
"Area under Crops","2014","Winter oats","000 Hectares","10.1"
"Area under Crops","2014","Spring oats","000 Hectares","8.5"
"Area under Crops","2014","Total barley","000 Hectares","215.7"
"Area under Crops","2014","Winter barley","000 Hectares","60.1"
"Area under Crops","2014","Spring barley","000 Hectares","155.6"
"Area under Crops","2014","Beans and peas","000 Hectares","3.5"
"Area under Crops","2014","Oilseed rape","000 Hectares","9.4"
"Area under Crops","2014","Potatoes","000 Hectares","9.5"
"Area under Crops","2015","Total wheat, oats and barley","000 Hectares","291.6"
"Area under Crops","2015","Total wheat","000 Hectares","65.3"
"Area under Crops","2015","Winter wheat","000 Hectares","55.3"
"Area under Crops","2015","Spring wheat","000 Hectares","10.1"
"Area under Crops","2015","Total oats","000 Hectares","23.4"
"Area under Crops","2015","Winter oats","000 Hectares","11.4"
"Area under Crops","2015","Spring oats","000 Hectares","12.1"
"Area under Crops","2015","Total barley","000 Hectares","202.8"
"Area under Crops","2015","Winter barley","000 Hectares","69.8"
"Area under Crops","2015","Spring barley","000 Hectares","133"
"Area under Crops","2015","Beans and peas","000 Hectares","10.7"
"Area under Crops","2015","Oilseed rape","000 Hectares","8.9"
"Area under Crops","2015","Potatoes","000 Hectares","8.5"
"Area under Crops","2016","Total wheat, oats and barley","000 Hectares","280.3"
"Area under Crops","2016","Total wheat","000 Hectares","67.9"
"Area under Crops","2016","Winter wheat","000 Hectares","60.4"
"Area under Crops","2016","Spring wheat","000 Hectares","7.5"
"Area under Crops","2016","Total oats","000 Hectares","23.2"
"Area under Crops","2016","Winter oats","000 Hectares","13.2"
"Area under Crops","2016","Spring oats","000 Hectares","10"
"Area under Crops","2016","Total barley","000 Hectares","189.2"
"Area under Crops","2016","Winter barley","000 Hectares","74.6"
"Area under Crops","2016","Spring barley","000 Hectares","114.6"
"Area under Crops","2016","Beans and peas","000 Hectares","12.5"
"Area under Crops","2016","Oilseed rape","000 Hectares","9.9"
"Area under Crops","2016","Potatoes","000 Hectares","9"
"Area under Crops","2017","Total wheat, oats and barley","000 Hectares","271.7"
"Area under Crops","2017","Total wheat","000 Hectares","67"
"Area under Crops","2017","Winter wheat","000 Hectares","60.3"
"Area under Crops","2017","Spring wheat","000 Hectares","6.8"
"Area under Crops","2017","Total oats","000 Hectares","24.4"
"Area under Crops","2017","Winter oats","000 Hectares","14.4"
"Area under Crops","2017","Spring oats","000 Hectares","10"
"Area under Crops","2017","Total barley","000 Hectares","180.2"
"Area under Crops","2017","Winter barley","000 Hectares","65"
"Area under Crops","2017","Spring barley","000 Hectares","115.2"
"Area under Crops","2017","Beans and peas","000 Hectares","13.7"
"Area under Crops","2017","Oilseed rape","000 Hectares","10.1"
"Area under Crops","2017","Potatoes","000 Hectares","9.2"
"Area under Crops","2018","Total wheat, oats and barley","000 Hectares","261"
"Area under Crops","2018","Total wheat","000 Hectares","58"
"Area under Crops","2018","Winter wheat","000 Hectares","54.4"
"Area under Crops","2018","Spring wheat","000 Hectares","3.6"
"Area under Crops","2018","Total oats","000 Hectares","17.8"
"Area under Crops","2018","Winter oats","000 Hectares","10.2"
"Area under Crops","2018","Spring oats","000 Hectares","7.6"
"Area under Crops","2018","Total barley","000 Hectares","185.2"
"Area under Crops","2018","Winter barley","000 Hectares","57.9"
"Area under Crops","2018","Spring barley","000 Hectares","127.4"
"Area under Crops","2018","Beans and peas","000 Hectares","8.5"
"Area under Crops","2018","Oilseed rape","000 Hectares","10.6"
"Area under Crops","2018","Potatoes","000 Hectares","8.2"
"Area under Crops","2019","Total wheat, oats and barley","000 Hectares","266.7"
"Area under Crops","2019","Total wheat","000 Hectares","63.5"
"Area under Crops","2019","Winter wheat","000 Hectares","59.7"
"Area under Crops","2019","Spring wheat","000 Hectares","3.8"
"Area under Crops","2019","Total oats","000 Hectares","23.8"
"Area under Crops","2019","Winter oats","000 Hectares","16.6"
"Area under Crops","2019","Spring oats","000 Hectares","7.2"
"Area under Crops","2019","Total barley","000 Hectares","179.4"
"Area under Crops","2019","Winter barley","000 Hectares","82.8"
"Area under Crops","2019","Spring barley","000 Hectares","96.5"
"Area under Crops","2019","Beans and peas","000 Hectares","8.1"
"Area under Crops","2019","Oilseed rape","000 Hectares","9.2"
"Area under Crops","2019","Potatoes","000 Hectares","8.7"
"Area under Crops","2020","Total wheat, oats and barley","000 Hectares","265.6"
"Area under Crops","2020","Total wheat","000 Hectares","47"
"Area under Crops","2020","Winter wheat","000 Hectares","35.4"
"Area under Crops","2020","Spring wheat","000 Hectares","11.5"
"Area under Crops","2020","Total oats","000 Hectares","25.4"
"Area under Crops","2020","Winter oats","000 Hectares","8.3"
"Area under Crops","2020","Spring oats","000 Hectares","17.2"
"Area under Crops","2020","Total barley","000 Hectares","193.2"
"Area under Crops","2020","Winter barley","000 Hectares","51.5"
"Area under Crops","2020","Spring barley","000 Hectares","141.7"
"Area under Crops","2020","Beans and peas","000 Hectares","13.7"
"Area under Crops","2020","Oilseed rape","000 Hectares","10.3"
"Area under Crops","2020","Potatoes","000 Hectares","8.9"
"Area under Crops","2021","Total wheat, oats and barley","000 Hectares","274.6"
"Area under Crops","2021","Total wheat","000 Hectares","62.3"
"Area under Crops","2021","Winter wheat","000 Hectares","56.2"
"Area under Crops","2021","Spring wheat","000 Hectares","6.1"
"Area under Crops","2021","Total oats","000 Hectares","28.4"
"Area under Crops","2021","Winter oats","000 Hectares","13.9"
"Area under Crops","2021","Spring oats","000 Hectares","14.5"
"Area under Crops","2021","Total barley","000 Hectares","183.9"
"Area under Crops","2021","Winter barley","000 Hectares","67.5"
"Area under Crops","2021","Spring barley","000 Hectares","116.4"
"Area under Crops","2021","Beans and peas","000 Hectares","9.7"
"Area under Crops","2021","Oilseed rape","000 Hectares","11.3"
"Area under Crops","2021","Potatoes","000 Hectares","8.9"
"Crop Yield per Hectare","2008","Total wheat, oats and barley","Tonnes","7.7"
"Crop Yield per Hectare","2008","Total wheat","Tonnes","9"
"Crop Yield per Hectare","2008","Winter wheat","Tonnes","9.6"
"Crop Yield per Hectare","2008","Spring wheat","Tonnes","6.6"
"Crop Yield per Hectare","2008","Total oats","Tonnes","7.6"
"Crop Yield per Hectare","2008","Winter oats","Tonnes","7.9"
"Crop Yield per Hectare","2008","Spring oats","Tonnes","6.3"
"Crop Yield per Hectare","2008","Total barley","Tonnes","6.9"
"Crop Yield per Hectare","2008","Winter barley","Tonnes","8.6"
"Crop Yield per Hectare","2008","Spring barley","Tonnes","6.7"
"Crop Yield per Hectare","2008","Beans and peas","Tonnes","4.5"
"Crop Yield per Hectare","2008","Oilseed rape","Tonnes","3.6"
"Crop Yield per Hectare","2008","Potatoes","Tonnes","30.7"
"Crop Yield per Hectare","2009","Total wheat, oats and barley","Tonnes","6.9"
"Crop Yield per Hectare","2009","Total wheat","Tonnes","8.2"
"Crop Yield per Hectare","2009","Winter wheat","Tonnes","8.6"
"Crop Yield per Hectare","2009","Spring wheat","Tonnes","6.8"
"Crop Yield per Hectare","2009","Total oats","Tonnes","7.1"
"Crop Yield per Hectare","2009","Winter oats","Tonnes","7.8"
"Crop Yield per Hectare","2009","Spring oats","Tonnes","6.6"
"Crop Yield per Hectare","2009","Total barley","Tonnes","6.3"
"Crop Yield per Hectare","2009","Winter barley","Tonnes","8.5"
"Crop Yield per Hectare","2009","Spring barley","Tonnes","6.1"
"Crop Yield per Hectare","2009","Beans and peas","Tonnes","5.3"
"Crop Yield per Hectare","2009","Oilseed rape","Tonnes","3.7"
"Crop Yield per Hectare","2009","Potatoes","Tonnes","27.6"
"Crop Yield per Hectare","2010","Total wheat, oats and barley","Tonnes","7.5"
"Crop Yield per Hectare","2010","Total wheat","Tonnes","8.6"
"Crop Yield per Hectare","2010","Winter wheat","Tonnes","8.9"
"Crop Yield per Hectare","2010","Spring wheat","Tonnes","7.6"
"Crop Yield per Hectare","2010","Total oats","Tonnes","7.5"
"Crop Yield per Hectare","2010","Winter oats","Tonnes","7.8"
"Crop Yield per Hectare","2010","Spring oats","Tonnes","7.2"
"Crop Yield per Hectare","2010","Total barley","Tonnes","7"
"Crop Yield per Hectare","2010","Winter barley","Tonnes","8.5"
"Crop Yield per Hectare","2010","Spring barley","Tonnes","6.7"
"Crop Yield per Hectare","2010","Beans and peas","Tonnes","5.5"
"Crop Yield per Hectare","2010","Oilseed rape","Tonnes","3.5"
"Crop Yield per Hectare","2010","Potatoes","Tonnes","34.4"
"Crop Yield per Hectare","2011","Total wheat, oats and barley","Tonnes","8.5"
"Crop Yield per Hectare","2011","Total wheat","Tonnes","9.9"
"Crop Yield per Hectare","2011","Winter wheat","Tonnes","10.2"
"Crop Yield per Hectare","2011","Spring wheat","Tonnes","8.3"
"Crop Yield per Hectare","2011","Total oats","Tonnes","7.9"
"Crop Yield per Hectare","2011","Winter oats","Tonnes","7.8"
"Crop Yield per Hectare","2011","Spring oats","Tonnes","7.9"
"Crop Yield per Hectare","2011","Total barley","Tonnes","7.8"
"Crop Yield per Hectare","2011","Winter barley","Tonnes","9.1"
"Crop Yield per Hectare","2011","Spring barley","Tonnes","7.5"
"Crop Yield per Hectare","2011","Beans and peas","Tonnes","5.7"
"Crop Yield per Hectare","2011","Oilseed rape","Tonnes","4.5"
"Crop Yield per Hectare","2011","Potatoes","Tonnes","34.4"
"Crop Yield per Hectare","2012","Total wheat, oats and barley","Tonnes","6.8"
"Crop Yield per Hectare","2012","Total wheat","Tonnes","7.2"
"Crop Yield per Hectare","2012","Winter wheat","Tonnes","7.4"
"Crop Yield per Hectare","2012","Spring wheat","Tonnes","6.1"
"Crop Yield per Hectare","2012","Total oats","Tonnes","6.6"
"Crop Yield per Hectare","2012","Winter oats","Tonnes","6.9"
"Crop Yield per Hectare","2012","Spring oats","Tonnes","6.4"
"Crop Yield per Hectare","2012","Total barley","Tonnes","6.5"
"Crop Yield per Hectare","2012","Winter barley","Tonnes","7.8"
"Crop Yield per Hectare","2012","Spring barley","Tonnes","6.2"
"Crop Yield per Hectare","2012","Beans and peas","Tonnes","4.8"
"Crop Yield per Hectare","2012","Oilseed rape","Tonnes","3.2"
"Crop Yield per Hectare","2012","Potatoes","Tonnes","25.8"
"Crop Yield per Hectare","2013","Total wheat, oats and barley","Tonnes","7.8"
"Crop Yield per Hectare","2013","Total wheat","Tonnes","9"
"Crop Yield per Hectare","2013","Winter wheat","Tonnes","9.3"
"Crop Yield per Hectare","2013","Spring wheat","Tonnes","8.1"
"Crop Yield per Hectare","2013","Total oats","Tonnes","7.2"
"Crop Yield per Hectare","2013","Winter oats","Tonnes","8.1"
"Crop Yield per Hectare","2013","Spring oats","Tonnes","7"
"Crop Yield per Hectare","2013","Total barley","Tonnes","7.6"
"Crop Yield per Hectare","2013","Winter barley","Tonnes","9.5"
"Crop Yield per Hectare","2013","Spring barley","Tonnes","7.2"
"Crop Yield per Hectare","2013","Beans and peas","Tonnes","5.2"
"Crop Yield per Hectare","2013","Oilseed rape","Tonnes","3.6"
"Crop Yield per Hectare","2013","Potatoes","Tonnes","38.2"
"Crop Yield per Hectare","2014","Total wheat, oats and barley","Tonnes","8.5"
"Crop Yield per Hectare","2014","Total wheat","Tonnes","10"
"Crop Yield per Hectare","2014","Winter wheat","Tonnes","10.2"
"Crop Yield per Hectare","2014","Spring wheat","Tonnes","8.3"
"Crop Yield per Hectare","2014","Total oats","Tonnes","8"
"Crop Yield per Hectare","2014","Winter oats","Tonnes","8.7"
"Crop Yield per Hectare","2014","Spring oats","Tonnes","7.3"
"Crop Yield per Hectare","2014","Total barley","Tonnes","8"
"Crop Yield per Hectare","2014","Winter barley","Tonnes","9.3"
"Crop Yield per Hectare","2014","Spring barley","Tonnes","7.5"
"Crop Yield per Hectare","2014","Beans and peas","Tonnes","5.7"
"Crop Yield per Hectare","2014","Oilseed rape","Tonnes","3.6"
"Crop Yield per Hectare","2014","Potatoes","Tonnes","40.5"
"Crop Yield per Hectare","2015","Total wheat, oats and barley","Tonnes","9"
"Crop Yield per Hectare","2015","Total wheat","Tonnes","10.7"
"Crop Yield per Hectare","2015","Winter wheat","Tonnes","11"
"Crop Yield per Hectare","2015","Spring wheat","Tonnes","8.6"
"Crop Yield per Hectare","2015","Total oats","Tonnes","8.4"
"Crop Yield per Hectare","2015","Winter oats","Tonnes","9.2"
"Crop Yield per Hectare","2015","Spring oats","Tonnes","7.7"
"Crop Yield per Hectare","2015","Total barley","Tonnes","8.6"
"Crop Yield per Hectare","2015","Winter barley","Tonnes","10.2"
"Crop Yield per Hectare","2015","Spring barley","Tonnes","7.7"
"Crop Yield per Hectare","2015","Beans and peas","Tonnes","6.5"
"Crop Yield per Hectare","2015","Oilseed rape","Tonnes","4.5"
"Crop Yield per Hectare","2015","Potatoes","Tonnes","42.3"
"Crop Yield per Hectare","2016","Total wheat, oats and barley","Tonnes","8.2"
"Crop Yield per Hectare","2016","Total wheat","Tonnes","9.5"
"Crop Yield per Hectare","2016","Winter wheat","Tonnes","9.7"
"Crop Yield per Hectare","2016","Spring wheat","Tonnes","8"
"Crop Yield per Hectare","2016","Total oats","Tonnes","7.9"
"Crop Yield per Hectare","2016","Winter oats","Tonnes","8.3"
"Crop Yield per Hectare","2016","Spring oats","Tonnes","7.3"
"Crop Yield per Hectare","2016","Total barley","Tonnes","7.8"
"Crop Yield per Hectare","2016","Winter barley","Tonnes","8.6"
"Crop Yield per Hectare","2016","Spring barley","Tonnes","7.3"
"Crop Yield per Hectare","2016","Beans and peas","Tonnes","5.7"
"Crop Yield per Hectare","2016","Oilseed rape","Tonnes","3.5"
"Crop Yield per Hectare","2016","Potatoes","Tonnes","38.9"
"Crop Yield per Hectare","2017","Total wheat, oats and barley","Tonnes","8.8"
"Crop Yield per Hectare","2017","Total wheat","Tonnes","10.2"
"Crop Yield per Hectare","2017","Winter wheat","Tonnes","10.4"
"Crop Yield per Hectare","2017","Spring wheat","Tonnes","8.2"
"Crop Yield per Hectare","2017","Total oats","Tonnes","8.4"
"Crop Yield per Hectare","2017","Winter oats","Tonnes","8.9"
"Crop Yield per Hectare","2017","Spring oats","Tonnes","7.6"
"Crop Yield per Hectare","2017","Total barley","Tonnes","8.4"
"Crop Yield per Hectare","2017","Winter barley","Tonnes","9.1"
"Crop Yield per Hectare","2017","Spring barley","Tonnes","7.9"
"Crop Yield per Hectare","2017","Beans and peas","Tonnes","6.6"
"Crop Yield per Hectare","2017","Oilseed rape","Tonnes","4.1"
"Crop Yield per Hectare","2017","Potatoes","Tonnes","44.9"
"Crop Yield per Hectare","2018","Total wheat, oats and barley","Tonnes","7.1"
"Crop Yield per Hectare","2018","Total wheat","Tonnes","8.7"
"Crop Yield per Hectare","2018","Winter wheat","Tonnes","8.9"
"Crop Yield per Hectare","2018","Spring wheat","Tonnes","6.2"
"Crop Yield per Hectare","2018","Total oats","Tonnes","6.9"
"Crop Yield per Hectare","2018","Winter oats","Tonnes","7.9"
"Crop Yield per Hectare","2018","Spring oats","Tonnes","5.6"
"Crop Yield per Hectare","2018","Total barley","Tonnes","6.6"
"Crop Yield per Hectare","2018","Winter barley","Tonnes","8.8"
"Crop Yield per Hectare","2018","Spring barley","Tonnes","5.6"
"Crop Yield per Hectare","2018","Beans and peas","Tonnes","2.7"
"Crop Yield per Hectare","2018","Oilseed rape","Tonnes","3.9"
"Crop Yield per Hectare","2018","Potatoes","Tonnes","33.2"
"Crop Yield per Hectare","2019","Total wheat, oats and barley","Tonnes","9"
"Crop Yield per Hectare","2019","Total wheat","Tonnes","10"
"Crop Yield per Hectare","2019","Winter wheat","Tonnes","10.1"
"Crop Yield per Hectare","2019","Spring wheat","Tonnes","8.3"
"Crop Yield per Hectare","2019","Total oats","Tonnes","8.5"
"Crop Yield per Hectare","2019","Winter oats","Tonnes","8.9"
"Crop Yield per Hectare","2019","Spring oats","Tonnes","7.7"
"Crop Yield per Hectare","2019","Total barley","Tonnes","8.7"
"Crop Yield per Hectare","2019","Winter barley","Tonnes","9.4"
"Crop Yield per Hectare","2019","Spring barley","Tonnes","8"
"Crop Yield per Hectare","2019","Beans and peas","Tonnes","5.4"
"Crop Yield per Hectare","2019","Oilseed rape","Tonnes","4.2"
"Crop Yield per Hectare","2019","Potatoes","Tonnes","44.1"
"Crop Yield per Hectare","2020","Total wheat, oats and barley","Tonnes","7.6"
"Crop Yield per Hectare","2020","Total wheat","Tonnes","8.4"
"Crop Yield per Hectare","2020","Winter wheat","Tonnes","8.7"
"Crop Yield per Hectare","2020","Spring wheat","Tonnes","7.4"
"Crop Yield per Hectare","2020","Total oats","Tonnes","7.5"
"Crop Yield per Hectare","2020","Winter oats","Tonnes","8.2"
"Crop Yield per Hectare","2020","Spring oats","Tonnes","7.1"
"Crop Yield per Hectare","2020","Total barley","Tonnes","7.4"
"Crop Yield per Hectare","2020","Winter barley","Tonnes","8.3"
"Crop Yield per Hectare","2020","Spring barley","Tonnes","7.1"
"Crop Yield per Hectare","2020","Beans and peas","Tonnes","4.8"
"Crop Yield per Hectare","2020","Oilseed rape","Tonnes","4.4"
"Crop Yield per Hectare","2020","Potatoes","Tonnes","33.8"
"Crop Yield per Hectare","2021","Total wheat, oats and barley","Tonnes","8.9"
"Crop Yield per Hectare","2021","Total wheat","Tonnes","10.6"
"Crop Yield per Hectare","2021","Winter wheat","Tonnes","10.8"
"Crop Yield per Hectare","2021","Spring wheat","Tonnes","8.7"
"Crop Yield per Hectare","2021","Total oats","Tonnes","8.4"
"Crop Yield per Hectare","2021","Winter oats","Tonnes","9.1"
"Crop Yield per Hectare","2021","Spring oats","Tonnes","7.7"
"Crop Yield per Hectare","2021","Total barley","Tonnes","8.5"
"Crop Yield per Hectare","2021","Winter barley","Tonnes","9.5"
"Crop Yield per Hectare","2021","Spring barley","Tonnes","7.9"
"Crop Yield per Hectare","2021","Beans and peas","Tonnes","5.6"
"Crop Yield per Hectare","2021","Oilseed rape","Tonnes","4.6"
"Crop Yield per Hectare","2021","Potatoes","Tonnes","45.6"
"Crop Production","2008","Total wheat, oats and barley","000 Tonnes","2461.3"
"Crop Production","2008","Total wheat","000 Tonnes","992.8"
"Crop Production","2008","Winter wheat","000 Tonnes","839.9"
"Crop Production","2008","Spring wheat","000 Tonnes","153"
"Crop Production","2008","Total oats","000 Tonnes","174.3"
"Crop Production","2008","Winter oats","000 Tonnes","147.9"
"Crop Production","2008","Spring oats","000 Tonnes","26.4"
"Crop Production","2008","Total barley","000 Tonnes","1294.1"
"Crop Production","2008","Winter barley","000 Tonnes","181.8"
"Crop Production","2008","Spring barley","000 Tonnes","1112.4"
"Crop Production","2008","Beans and peas","000 Tonnes","11.1"
"Crop Production","2008","Oilseed rape","000 Tonnes","20.3"
"Crop Production","2008","Potatoes","000 Tonnes","344.9"
"Crop Production","2009","Total wheat, oats and barley","000 Tonnes","2063"
"Crop Production","2009","Total wheat","000 Tonnes","690.1"
"Crop Production","2009","Winter wheat","000 Tonnes","552.7"
"Crop Production","2009","Spring wheat","000 Tonnes","137.4"
"Crop Production","2009","Total oats","000 Tonnes","145.7"
"Crop Production","2009","Winter oats","000 Tonnes","71.3"
"Crop Production","2009","Spring oats","000 Tonnes","74.4"
"Crop Production","2009","Total barley","000 Tonnes","1227.3"
"Crop Production","2009","Winter barley","000 Tonnes","164.2"
"Crop Production","2009","Spring barley","000 Tonnes","1063.1"
"Crop Production","2009","Beans and peas","000 Tonnes","22.2"
"Crop Production","2009","Oilseed rape","000 Tonnes","23.7"
"Crop Production","2009","Potatoes","000 Tonnes","336.1"
"Crop Production","2010","Total wheat, oats and barley","000 Tonnes","2040.3"
"Crop Production","2010","Total wheat","000 Tonnes","669.2"
"Crop Production","2010","Winter wheat","000 Tonnes","532"
"Crop Production","2010","Spring wheat","000 Tonnes","137.2"
"Crop Production","2010","Total oats","000 Tonnes","148.1"
"Crop Production","2010","Winter oats","000 Tonnes","80.5"
"Crop Production","2010","Spring oats","000 Tonnes","67.6"
"Crop Production","2010","Total barley","000 Tonnes","1223.1"
"Crop Production","2010","Winter barley","000 Tonnes","245.1"
"Crop Production","2010","Spring barley","000 Tonnes","977.9"
"Crop Production","2010","Beans and peas","000 Tonnes","25"
"Crop Production","2010","Oilseed rape","000 Tonnes","28.1"
"Crop Production","2010","Potatoes","000 Tonnes","419.6"
"Crop Production","2011","Total wheat, oats and barley","000 Tonnes","2509.4"
"Crop Production","2011","Total wheat","000 Tonnes","929.2"
"Crop Production","2011","Winter wheat","000 Tonnes","792.9"
"Crop Production","2011","Spring wheat","000 Tonnes","136.4"
"Crop Production","2011","Total oats","000 Tonnes","168.1"
"Crop Production","2011","Winter oats","000 Tonnes","70.5"
"Crop Production","2011","Spring oats","000 Tonnes","97.6"
"Crop Production","2011","Total barley","000 Tonnes","1412"
"Crop Production","2011","Winter barley","000 Tonnes","326.3"
"Crop Production","2011","Spring barley","000 Tonnes","1085.8"
"Crop Production","2011","Beans and peas","000 Tonnes","16.5"
"Crop Production","2011","Oilseed rape","000 Tonnes","55.9"
"Crop Production","2011","Potatoes","000 Tonnes","356.1"
"Crop Production","2012","Total wheat, oats and barley","000 Tonnes","2125.1"
"Crop Production","2012","Total wheat","000 Tonnes","707.9"
"Crop Production","2012","Winter wheat","000 Tonnes","625.7"
"Crop Production","2012","Spring wheat","000 Tonnes","82.2"
"Crop Production","2012","Total oats","000 Tonnes","156.5"
"Crop Production","2012","Winter oats","000 Tonnes","68.2"
"Crop Production","2012","Spring oats","000 Tonnes","88.4"
"Crop Production","2012","Total barley","000 Tonnes","1260.7"
"Crop Production","2012","Winter barley","000 Tonnes","319.8"
"Crop Production","2012","Spring barley","000 Tonnes","940.9"
"Crop Production","2012","Beans and peas","000 Tonnes","19.7"
"Crop Production","2012","Oilseed rape","000 Tonnes","58.7"
"Crop Production","2012","Potatoes","000 Tonnes","232"
"Crop Production","2013","Total wheat, oats and barley","000 Tonnes","2400.6"
"Crop Production","2013","Total wheat","000 Tonnes","545.3"
"Crop Production","2013","Winter wheat","000 Tonnes","422.1"
"Crop Production","2013","Spring wheat","000 Tonnes","123.3"
"Crop Production","2013","Total oats","000 Tonnes","192.5"
"Crop Production","2013","Winter oats","000 Tonnes","43.4"
"Crop Production","2013","Spring oats","000 Tonnes","149.1"
"Crop Production","2013","Total barley","000 Tonnes","1662.8"
"Crop Production","2013","Winter barley","000 Tonnes","341.8"
"Crop Production","2013","Spring barley","000 Tonnes","1320.9"
"Crop Production","2013","Beans and peas","000 Tonnes","23.3"
"Crop Production","2013","Oilseed rape","000 Tonnes","49.2"
"Crop Production","2013","Potatoes","000 Tonnes","410.1"
"Crop Production","2014","Total wheat, oats and barley","000 Tonnes","2597.8"
"Crop Production","2014","Total wheat","000 Tonnes","717"
"Crop Production","2014","Winter wheat","000 Tonnes","663.4"
"Crop Production","2014","Spring wheat","000 Tonnes","53.6"
"Crop Production","2014","Total oats","000 Tonnes","149.7"
"Crop Production","2014","Winter oats","000 Tonnes","87.8"
"Crop Production","2014","Spring oats","000 Tonnes","61.9"
"Crop Production","2014","Total barley","000 Tonnes","1731.2"
"Crop Production","2014","Winter barley","000 Tonnes","558.7"
"Crop Production","2014","Spring barley","000 Tonnes","1172.5"
"Crop Production","2014","Beans and peas","000 Tonnes","20.3"
"Crop Production","2014","Oilseed rape","000 Tonnes","34.2"
"Crop Production","2014","Potatoes","000 Tonnes","383"
"Crop Production","2015","Total wheat, oats and barley","000 Tonnes","2633.6"
"Crop Production","2015","Total wheat","000 Tonnes","696.6"
"Crop Production","2015","Winter wheat","000 Tonnes","610.1"
"Crop Production","2015","Spring wheat","000 Tonnes","86.5"
"Crop Production","2015","Total oats","000 Tonnes","197.7"
"Crop Production","2015","Winter oats","000 Tonnes","104.7"
"Crop Production","2015","Spring oats","000 Tonnes","93"
"Crop Production","2015","Total barley","000 Tonnes","1739.2"
"Crop Production","2015","Winter barley","000 Tonnes","711.9"
"Crop Production","2015","Spring barley","000 Tonnes","1027.4"
"Crop Production","2015","Beans and peas","000 Tonnes","69.3"
"Crop Production","2015","Oilseed rape","000 Tonnes","39.9"
"Crop Production","2015","Potatoes","000 Tonnes","360.1"
"Crop Production","2016","Total wheat, oats and barley","000 Tonnes","2310.9"
"Crop Production","2016","Total wheat","000 Tonnes","647.7"
"Crop Production","2016","Winter wheat","000 Tonnes","587.5"
"Crop Production","2016","Spring wheat","000 Tonnes","60.3"
"Crop Production","2016","Total oats","000 Tonnes","183.3"
"Crop Production","2016","Winter oats","000 Tonnes","110.3"
"Crop Production","2016","Spring oats","000 Tonnes","73"
"Crop Production","2016","Total barley","000 Tonnes","1479.9"
"Crop Production","2016","Winter barley","000 Tonnes","644.4"
"Crop Production","2016","Spring barley","000 Tonnes","835.5"
"Crop Production","2016","Beans and peas","000 Tonnes","70.6"
"Crop Production","2016","Oilseed rape","000 Tonnes","34.1"
"Crop Production","2016","Potatoes","000 Tonnes","352"
"Crop Production","2017","Total wheat, oats and barley","000 Tonnes","2392.6"
"Crop Production","2017","Total wheat","000 Tonnes","681.7"
"Crop Production","2017","Winter wheat","000 Tonnes","626.6"
"Crop Production","2017","Spring wheat","000 Tonnes","55.2"
"Crop Production","2017","Total oats","000 Tonnes","205"
"Crop Production","2017","Winter oats","000 Tonnes","128.7"
"Crop Production","2017","Spring oats","000 Tonnes","76.4"
"Crop Production","2017","Total barley","000 Tonnes","1505.8"
"Crop Production","2017","Winter barley","000 Tonnes","592.2"
"Crop Production","2017","Spring barley","000 Tonnes","913.7"
"Crop Production","2017","Beans and peas","000 Tonnes","90.2"
"Crop Production","2017","Oilseed rape","000 Tonnes","41.7"
"Crop Production","2017","Potatoes","000 Tonnes","412.4"
"Crop Production","2018","Total wheat, oats and barley","000 Tonnes","1853.9"
"Crop Production","2018","Total wheat","000 Tonnes","506.8"
"Crop Production","2018","Winter wheat","000 Tonnes","484.6"
"Crop Production","2018","Spring wheat","000 Tonnes","22.2"
"Crop Production","2018","Total oats","000 Tonnes","122.3"
"Crop Production","2018","Winter oats","000 Tonnes","80.1"
"Crop Production","2018","Spring oats","000 Tonnes","42.2"
"Crop Production","2018","Total barley","000 Tonnes","1224.9"
"Crop Production","2018","Winter barley","000 Tonnes","508.8"
"Crop Production","2018","Spring barley","000 Tonnes","716.1"
"Crop Production","2018","Beans and peas","000 Tonnes","22.7"
"Crop Production","2018","Oilseed rape","000 Tonnes","40.9"
"Crop Production","2018","Potatoes","000 Tonnes","273"
"Crop Production","2019","Total wheat, oats and barley","000 Tonnes","2396.2"
"Crop Production","2019","Total wheat","000 Tonnes","636"
"Crop Production","2019","Winter wheat","000 Tonnes","604.6"
"Crop Production","2019","Spring wheat","000 Tonnes","31.4"
"Crop Production","2019","Total oats","000 Tonnes","202.6"
"Crop Production","2019","Winter oats","000 Tonnes","147.2"
"Crop Production","2019","Spring oats","000 Tonnes","55.5"
"Crop Production","2019","Total barley","000 Tonnes","1557.6"
"Crop Production","2019","Winter barley","000 Tonnes","780.8"
"Crop Production","2019","Spring barley","000 Tonnes","776.7"
"Crop Production","2019","Beans and peas","000 Tonnes","44"
"Crop Production","2019","Oilseed rape","000 Tonnes","38.4"
"Crop Production","2019","Potatoes","000 Tonnes","382.4"
"Crop Production","2020","Total wheat, oats and barley","000 Tonnes","2013.2"
"Crop Production","2020","Total wheat","000 Tonnes","393"
"Crop Production","2020","Winter wheat","000 Tonnes","307.6"
"Crop Production","2020","Spring wheat","000 Tonnes","85.4"
"Crop Production","2020","Total oats","000 Tonnes","189.9"
"Crop Production","2020","Winter oats","000 Tonnes","67.6"
"Crop Production","2020","Spring oats","000 Tonnes","122.3"
"Crop Production","2020","Total barley","000 Tonnes","1430.3"
"Crop Production","2020","Winter barley","000 Tonnes","426.3"
"Crop Production","2020","Spring barley","000 Tonnes","1004"
"Crop Production","2020","Beans and peas","000 Tonnes","65.7"
"Crop Production","2020","Oilseed rape","000 Tonnes","45.1"
"Crop Production","2020","Potatoes","000 Tonnes","300.1"
"Crop Production","2021","Total wheat, oats and barley","000 Tonnes","2457.1"
"Crop Production","2021","Total wheat","000 Tonnes","662.4"
"Crop Production","2021","Winter wheat","000 Tonnes","609.7"
"Crop Production","2021","Spring wheat","000 Tonnes","52.7"
"Crop Production","2021","Total oats","000 Tonnes","238.3"
"Crop Production","2021","Winter oats","000 Tonnes","126.9"
"Crop Production","2021","Spring oats","000 Tonnes","111.4"
"Crop Production","2021","Total barley","000 Tonnes","1556.4"
"Crop Production","2021","Winter barley","000 Tonnes","638.8"
"Crop Production","2021","Spring barley","000 Tonnes","917.6"
"Crop Production","2021","Beans and peas","000 Tonnes","54.4"
"Crop Production","2021","Oilseed rape","000 Tonnes","52.2"
"Crop Production","2021","Potatoes","000 Tonnes","407.5"
